0,0,210,1.5,5,1000,50
1,0,210,10.93,40,4000,250
2,0,210,6.32,25,9900,300
3,0,210,14.46,35,3200,200
4,0,210,12.87,45,1250,250
5,0,210,9.81,35,5700,300
6,0,210,11.43,45,7500,150
7,0,210,12.98,35,2000,250
8,0,210,6.45,25,3200,400
9,0,210,8.37,5,4750,250
10,0,210,11.95,45,4550,350
11,0,210,2.98,50,6900,300
12,0,210,5.52,50,4200,300
13,0,210,1.86,10,8500,500
14,0,210,13.24,40,8250,150
15,0,210,14.02,35,5200,400
16,0,210,4.14,40,1400,350
17,0,210,12.66,20,7350,350
18,0,210,5.84,35,8100,450
19,0,210,6.16,30,6200,100
20,0,210,5.6,35,7000,350
21,0,210,1.9,45,2300,100
22,0,210,14.25,35,1400,350
23,0,210,12.52,15,2500,50
24,0,210,12.71,10,10000,500
25,0,210,1.56,10,5600,100
26,0,210,3.3,10,6650,350
27,0,210,5.88,35,7950,150
28,0,210,13.78,35,5000,250
29,0,210,14.38,40,9800,200
30,0,210,13.09,15,3150,450
31,0,210,9.27,25,3150,350
32,0,210,11.84,10,9900,300
33,0,210,12.69,35,1000,500
34,0,210,3.0,50,5500,500
35,0,210,11.63,15,700,350
36,0,210,9.01,45,4000,200
37,0,210,2.19,10,7000,350
38,0,210,5.34,45,7200,400
39,0,210,5.93,25,5250,150
40,0,210,7.17,20,3650,50
41,0,210,9.04,45,1600,400
42,0,210,14.97,45,900,450
43,0,210,7.89,25,5950,350
44,0,210,4.26,20,9200,50
45,0,210,10.42,40,3200,200
46,0,210,13.16,10,1200,300
47,0,210,8.12,35,900,450
48,0,210,6.8,10,7950,150
49,0,210,4.42,15,800,100
50,0,210,10.88,25,750,250
51,0,210,12.9,40,5000,250
52,0,210,11.21,15,10000,400
53,0,210,9.91,35,2100,350
54,0,210,10.31,25,5800,200
55,0,210,4.84,45,1800,100
56,0,210,14.66,25,7800,100
57,0,210,3.22,50,500,500
58,0,210,12.81,25,3600,300
59,0,210,5.76,50,5950,350
60,0,210,8.34,20,2900,50
61,0,210,14.29,35,4500,500
62,0,210,12.58,10,4550,350
63,0,210,5.33,40,9900,300
64,0,210,13.75,5,2850,150
65,0,210,11.12,25,4500,500
66,0,210,9.81,5,500,500
67,0,210,5.5,10,4000,400
68,0,210,6.85,5,4000,400
69,0,210,11.27,35,4000,200
70,0,210,9.53,30,9300,150
71,0,210,11.72,10,7350,350
72,0,210,6.77,50,8100,300
73,0,210,8.57,10,6650,50
74,0,210,12.87,40,9500,50
75,0,210,4.89,50,4500,300
76,0,210,11.92,5,4400,200
77,0,210,5.42,45,7500,300
78,0,210,7.63,30,5600,50
79,0,210,8.63,20,1600,200
80,0,210,6.09,50,4200,300
81,0,210,8.77,10,700,50
82,0,210,5.23,35,5600,200
83,0,210,2.27,5,8550,450
84,0,210,14.45,5,8400,400
85,0,210,10.24,35,3100,100
86,0,210,9.35,50,1600,400
87,0,210,10.14,45,1400,200
88,0,210,13.64,40,3150,450
89,0,210,10.9,40,1750,250
90,0,210,4.14,40,8050,350
91,0,210,9.63,10,9800,350
92,0,210,13.11,15,4800,400
93,0,210,3.16,35,6300,450
94,0,210,8.99,15,8750,250
95,0,210,2.04,20,6500,500
96,0,210,4.15,10,4000,500
97,0,210,10.84,35,800,400
98,0,210,4.41,50,5000,50
99,0,210,10.14,30,6650,50
100,0,210,12.72,40,8000,400
101,0,210,5.38,50,4300,100
102,0,210,5.49,25,6800,50
103,0,210,9.1,40,7750,250
104,0,210,6.28,20,3500,350
105,0,210,1.68,50,3250,50
106,0,210,6.41,45,6600,300
107,0,210,13.56,45,2850,150
108,0,210,12.61,50,7500,300
109,0,210,3.09,20,4750,250
110,0,210,5.08,5,9450,450
111,0,210,3.61,15,3850,350
112,0,210,11.57,20,7500,300
113,0,210,4.61,45,7500,100
114,0,210,6.84,5,3850,350
115,0,210,6.94,20,4400,400
116,0,210,11.78,45,1200,150
117,0,210,7.1,35,7200,300
118,0,210,13.77,25,2500,250
119,0,210,6.33,40,5250,150
120,0,210,8.35,30,4750,250
121,0,210,8.78,45,7200,100
122,0,210,6.52,25,8000,200
123,0,210,3.32,30,6000,300
124,0,210,3.96,35,400,50
125,0,210,7.79,50,5650,50
126,0,210,6.31,45,6400,400
127,0,210,1.79,45,4450,50
128,0,210,5.49,20,4050,450
129,0,210,8.92,20,6400,100
130,0,210,7.93,25,3750,250
131,0,210,12.68,25,3500,350
132,0,210,3.03,5,9300,300
133,0,210,14.48,25,5900,100
134,0,210,6.41,35,7800,200
135,0,210,5.54,40,7500,150
136,0,210,5.47,35,4050,50
137,0,210,5.86,20,6500,100
138,0,210,2.69,25,4000,500
139,0,210,2.87,50,4400,50
140,0,210,4.36,50,4050,150
141,0,210,3.65,45,2800,350
142,0,210,8.43,40,8950,50
143,0,210,13.17,15,8250,250
144,0,210,7.93,50,5500,500
145,0,210,10.51,10,5700,100
146,0,210,2.88,25,5400,300
147,0,210,12.34,45,4950,50
148,0,210,3.43,20,7500,300
149,0,210,5.56,40,1000,200
150,0,210,10.37,15,4000,50
151,0,210,6.79,15,4050,450
152,0,210,3.0,35,4000,500
153,0,210,10.58,5,2000,250
154,0,210,8.29,5,2100,150
155,0,210,9.81,5,6650,350
156,0,210,4.45,10,3300,300
157,0,210,5.19,5,9900,450
158,0,210,9.79,20,1200,150
159,0,210,5.32,15,5500,500
160,0,210,8.57,40,8500,100
161,0,210,8.31,10,7000,500
162,0,210,3.95,40,5700,300
163,0,210,13.72,25,7650,150
164,0,210,5.27,30,5500,250
165,0,210,8.64,5,7600,400
166,0,210,3.1,45,6000,300
167,0,210,10.21,35,8800,400
168,0,210,2.86,45,250,250
169,0,210,7.44,40,3000,100
170,0,210,1.66,40,150,50
171,0,210,12.67,20,4500,100
172,0,210,12.64,40,7500,500
173,0,210,4.81,50,1400,50
174,0,210,1.66,5,8750,350
175,0,210,8.52,45,8100,150
176,0,210,9.0,10,3850,350
177,0,210,3.71,40,4350,150
178,0,210,3.75,40,750,150
179,0,210,10.66,35,8550,450
180,0,210,6.98,20,6400,50
181,0,210,11.55,15,7500,500
182,0,210,10.86,45,1800,200
183,0,210,6.35,35,3500,250
184,0,210,7.31,20,3200,50
185,0,210,5.57,10,7600,400
186,0,210,10.88,20,2500,50
187,0,210,8.22,40,3000,200
188,0,210,4.85,50,9200,200
189,0,210,3.62,40,4000,200
190,0,210,12.49,40,1500,250
191,0,210,11.66,50,8700,150
192,0,210,13.09,20,7200,400
193,0,210,4.39,20,6750,50
194,0,210,6.05,40,4500,250
195,0,210,13.91,40,3500,350
196,0,210,3.45,45,9200,400
197,0,210,6.02,30,8250,250
198,0,210,4.53,35,1950,50
199,0,210,6.97,15,4800,200
200,0,210,9.23,25,8800,400
201,0,210,2.01,45,1800,150
202,0,210,9.6,20,2700,450
203,0,210,5.23,25,1200,400
204,0,210,9.36,5,7700,350
205,0,210,1.74,10,4500,300
206,0,210,3.76,40,2000,200
207,0,210,6.44,40,1650,50
208,0,210,3.71,25,8100,100
209,0,210,14.61,30,6500,250
210,0,210,2.55,10,9450,450
211,0,210,14.36,10,7500,250
212,0,210,3.29,5,7300,100
213,0,210,4.87,30,4500,300
214,0,210,11.36,50,2100,150
215,0,210,8.3,50,7000,500
216,0,210,9.46,40,6600,200
217,0,210,12.55,25,2000,250
218,0,210,1.81,30,2800,400
219,0,210,14.8,10,2500,500
220,0,210,2.58,25,6750,250
221,0,210,2.06,30,2500,500
222,0,210,8.73,30,7700,350
223,0,210,4.7,5,2800,200
224,0,210,14.11,25,2700,450
225,0,210,11.98,25,350,350
226,0,210,3.73,40,8050,350
227,0,210,13.89,45,4500,100
228,0,210,5.66,35,9450,450
229,0,210,5.39,10,7750,250
230,0,210,10.83,15,1200,300
231,0,210,8.39,25,10000,200
232,0,210,7.08,45,2850,150
233,0,210,7.96,45,3100,100
234,0,210,12.14,20,4500,450
235,0,210,13.66,15,4500,500
236,0,210,7.35,25,4550,350
237,0,210,14.09,45,8000,200
238,0,210,14.77,5,10000,400
239,0,210,1.76,25,10000,400
240,0,210,10.13,15,2100,150
241,0,210,5.3,20,9600,300
242,0,210,2.1,35,1500,250
243,0,210,2.14,45,8750,350
244,0,210,4.05,25,10000,250
245,0,210,6.63,10,6300,100
246,0,210,5.88,25,3150,450
247,0,210,10.86,50,2500,250
248,0,210,3.17,35,9200,400
249,0,210,12.37,30,700,350
250,0,210,8.68,15,9000,450
251,0,210,1.95,10,9900,450
252,0,210,2.26,25,6650,350
253,0,210,3.72,5,5900,100
254,0,210,7.62,30,4500,500
255,0,210,7.15,10,4000,100
256,0,210,2.06,45,3200,200
257,0,210,11.31,45,1000,200
258,0,210,3.01,50,100,100
259,0,210,14.32,20,4500,450
260,0,210,3.56,35,9200,100
261,0,210,13.15,5,6350,50
262,0,210,13.28,30,5400,300
263,0,210,1.73,40,9900,100
264,0,210,4.68,10,2850,150
265,0,210,12.49,35,9500,500
266,0,210,14.75,5,6450,150
267,0,210,7.0,30,7200,100
268,0,210,6.39,10,4200,350
269,0,210,5.03,25,1800,100
270,0,210,2.22,45,2000,200
271,0,210,7.93,40,8100,300
272,0,210,7.93,5,8900,50
273,0,210,4.52,10,5850,450
274,0,210,14.95,20,5100,150
275,0,210,13.49,10,5700,150
276,0,210,11.24,45,4200,300
277,0,210,11.86,40,2100,350
278,0,210,13.35,30,2200,100
279,0,210,7.21,10,5700,300
280,0,210,14.64,45,7900,100
281,0,210,1.95,10,5600,400
282,0,210,4.71,15,8800,400
283,0,210,6.18,5,9000,150
284,0,210,2.19,15,3850,350
285,0,210,2.56,30,5100,150
286,0,210,6.02,10,8750,350
287,0,210,13.01,50,8400,100
288,0,210,3.26,45,9500,500
289,0,210,2.0,20,1600,400
290,0,210,12.84,40,7600,200
291,0,210,2.37,10,7350,350
292,0,210,12.86,10,7600,100
293,0,210,2.79,45,4950,450
294,0,210,7.82,5,2150,50
295,0,210,2.97,25,1600,400
296,0,210,9.03,20,4950,50
297,0,210,12.08,20,4650,150
298,0,210,2.25,45,6300,100
299,0,210,11.65,15,4800,300
300,0,210,6.69,35,400,200
301,0,210,2.66,15,8400,200
302,0,210,9.22,5,6650,350
303,0,210,2.94,50,4900,350
304,0,210,5.93,20,1000,250
305,0,210,13.18,35,1200,300
306,0,210,9.34,30,9400,200
307,0,210,13.65,40,5000,200
308,0,210,3.68,40,10000,500
309,0,210,2.9,15,6300,450
310,0,210,10.09,30,9600,200
311,0,210,12.48,35,7650,150
312,0,210,8.05,25,1500,500
313,0,210,7.72,25,5000,500
314,0,210,3.18,40,2000,100
315,0,210,6.68,10,9450,450
316,0,210,7.87,25,4500,450
317,0,210,10.25,35,7500,500
318,0,210,2.11,50,2600,200
319,0,210,14.66,5,300,300
320,0,210,12.39,25,7000,250
321,0,210,3.14,15,3750,250
322,0,210,4.63,20,3000,200
323,0,210,5.74,40,6000,200
324,0,210,5.82,45,8600,200
325,0,210,9.39,50,4950,450
326,0,210,8.53,5,5250,350
327,0,210,2.77,20,3000,100
328,0,210,12.41,45,2250,250
329,0,210,12.5,15,4900,100
330,0,210,6.27,50,8800,100
331,0,210,3.42,45,4500,250
332,0,210,8.9,10,5150,50
333,0,210,5.61,20,3000,50
334,0,210,5.86,30,700,350
335,0,210,10.37,45,2400,300
336,0,210,1.55,30,8750,250
337,0,210,4.38,5,5600,200
338,0,210,3.74,25,2450,350
339,0,210,1.63,20,9000,300
340,0,210,4.47,35,8200,200
341,0,210,3.46,45,9600,100
342,0,210,10.82,45,5400,450
343,0,210,9.75,35,5850,450
344,0,210,7.11,50,9450,150
345,0,210,4.66,40,4950,150
346,0,210,3.48,5,1300,50
347,0,210,6.24,35,8400,400
348,0,210,4.97,10,8400,200
349,0,210,2.2,15,9500,500
350,0,210,8.81,20,9900,50
351,0,210,2.77,15,2400,200
352,0,210,5.99,50,5250,350
353,0,210,12.69,25,9450,450
354,0,210,6.79,25,2750,250
355,0,210,11.62,20,4600,200
356,0,210,5.77,20,1400,200
357,0,210,8.16,15,8200,200
358,0,210,7.17,35,3600,400
359,0,210,7.0,10,3250,250
360,0,210,5.8,15,3800,100
361,0,210,1.83,5,7800,50
362,0,210,10.82,25,6300,450
363,0,210,1.99,50,6500,100
364,0,210,14.08,30,8400,150
365,0,210,9.95,45,4950,450
366,0,210,10.79,15,8100,300
367,0,210,4.88,45,6650,350
368,0,210,7.84,15,2800,350
369,0,210,4.37,20,4500,450
370,0,210,12.85,30,1750,250
371,0,210,10.19,45,5250,250
372,0,210,13.54,20,9100,350
373,0,210,11.12,30,8500,500
374,0,210,14.68,15,9800,100
375,0,210,4.06,25,3200,100
376,0,210,14.01,5,3600,450
377,0,210,10.82,40,8100,450
378,0,210,4.58,10,1200,400
379,0,210,4.31,35,1400,350
380,0,210,13.34,30,7700,100
381,0,210,12.06,45,3600,450
382,0,210,13.36,50,8550,150
383,0,210,6.83,5,6500,500
384,0,210,10.0,10,7300,100
385,0,210,7.57,15,8550,450
386,0,210,10.18,20,8400,350
387,0,210,7.22,40,6400,400
388,0,210,6.11,45,700,350
389,0,210,8.91,25,7300,100
390,0,210,13.62,20,2100,150
391,0,210,9.74,20,2800,200
392,0,210,5.97,30,5800,200
393,0,210,4.44,45,3000,500
394,0,210,6.22,10,7000,250
395,0,210,3.43,40,3500,500
396,0,210,10.26,45,7350,350
397,0,210,9.27,35,5200,400
398,0,210,10.18,35,2700,150
399,0,210,6.69,20,7650,450
400,0,210,12.98,45,2250,450
401,0,210,11.57,30,6400,100
402,0,210,7.07,15,5100,300
403,0,210,11.36,10,5450,50
404,0,210,7.62,30,3900,150
405,0,210,10.8,45,3600,300
406,0,210,5.21,35,5600,400
407,0,210,8.89,40,9900,150
408,0,210,9.42,25,6300,100
409,0,210,6.27,30,3150,450
410,0,210,5.06,5,7500,300
411,0,210,10.47,45,1050,350
412,0,210,6.04,25,7500,150
413,0,210,10.2,10,3300,300
414,0,210,4.24,40,9600,300
415,0,210,14.19,15,2750,250
416,0,210,5.21,30,800,200
417,0,210,11.1,40,1400,100
418,0,210,8.61,50,6500,250
419,0,210,6.78,15,4200,350
420,0,210,10.79,5,6000,500
421,0,210,2.07,5,5200,50
422,0,210,1.94,35,2750,250
423,0,210,6.75,5,3150,350
424,0,210,14.91,45,350,50
425,0,210,13.48,35,1650,150
426,0,210,2.65,35,8100,450
427,0,210,7.22,30,100,100
428,0,210,12.88,50,7400,200
429,0,210,8.11,45,8750,250
430,0,210,11.72,40,5950,350
431,0,210,14.11,50,8800,400
432,0,210,7.27,50,4800,300
433,0,210,10.08,40,5000,200
434,0,210,7.01,5,9750,150
435,0,210,10.95,20,7200,300
436,0,210,7.75,15,3450,150
437,0,210,1.79,20,2400,400
438,0,210,4.34,5,4800,150
439,0,210,5.68,30,2100,350
440,0,210,6.56,25,2400,200
441,0,210,14.12,15,6000,50
442,0,210,3.06,15,9000,200
443,0,210,3.95,10,6300,350
444,0,210,3.79,10,6000,500
445,0,210,11.73,35,8100,450
446,0,210,11.74,25,7500,150
447,0,210,10.5,10,400,400
448,0,210,8.28,50,6800,400
449,0,210,12.01,25,7400,200
450,0,210,12.37,35,6650,350
451,0,210,11.02,40,2400,400
452,0,210,7.31,15,3000,500
453,0,210,12.64,45,5750,250
454,0,210,4.82,30,1750,350
455,0,210,9.0,10,7200,450
456,0,210,6.38,40,6600,300
457,0,210,4.41,10,7200,450
458,0,210,3.14,25,2800,400
459,0,210,2.7,15,3750,50
460,0,210,10.84,30,1050,350
461,0,210,8.52,10,3750,250
462,0,210,4.15,5,7950,150
463,0,210,3.52,10,7200,300
464,0,210,10.13,5,8000,250
465,0,210,10.17,5,7800,50
466,0,210,2.52,35,2250,250
467,0,210,8.02,25,2000,250
468,0,210,11.78,30,9400,200
469,0,210,11.22,35,7700,350
470,0,210,4.93,45,1500,300
471,0,210,11.29,40,1200,150
472,0,210,10.58,30,7350,150
473,0,210,6.05,30,9800,350
474,0,210,9.84,25,6750,450
475,0,210,14.6,50,5600,400
476,0,210,7.51,5,2500,500
477,0,210,8.99,40,5600,400
478,0,210,13.39,50,600,300
479,0,210,6.74,35,6700,100
480,0,210,4.28,45,450,450
481,0,210,4.97,15,4900,100
482,0,210,7.74,25,5250,350
483,0,210,7.21,5,3150,350
484,0,210,7.25,35,500,250
485,0,210,5.78,35,2800,50
486,0,210,5.64,45,2000,250
487,0,210,2.17,10,8750,250
488,0,210,6.86,35,9600,300
489,0,210,2.49,5,4050,50
490,0,210,3.53,45,1400,350
491,0,210,9.62,40,4300,100
492,0,210,6.94,10,9200,200
493,0,210,10.0,25,750,250
494,0,210,11.22,5,7000,350
495,0,210,10.39,15,3300,150
496,0,210,2.59,40,7200,450
497,0,210,7.75,40,7000,250
498,0,210,6.64,25,8900,100
499,0,210,8.37,40,7000,350
500,0,210,7.88,40,3300,300
501,0,210,13.09,40,8000,400
502,0,210,11.2,25,9900,300
503,0,210,10.59,45,6000,300
504,0,210,5.19,15,9000,200
505,0,210,10.26,10,4250,250
506,0,210,9.25,45,2800,200
507,0,210,14.91,45,3200,400
508,0,210,11.79,5,1350,150
509,0,210,12.04,35,2700,150
510,0,210,1.55,35,9500,250
511,0,210,12.21,50,8800,400
512,0,210,14.1,10,1600,400
513,0,210,4.06,45,2250,450
514,0,210,10.91,45,1400,200
515,0,210,9.6,5,10000,250
516,0,210,5.73,45,5500,100
517,0,210,8.21,40,1600,400
518,0,210,5.9,50,2300,100
519,0,210,14.13,25,2700,450
520,0,210,14.61,40,1800,300
521,0,210,1.76,40,9600,300
522,0,210,6.03,50,1500,300
523,0,210,10.59,45,3850,350
524,0,210,4.45,25,200,200
525,0,210,9.55,10,4000,500
526,0,210,10.72,30,9450,150
527,0,210,7.73,35,2000,100
528,0,210,8.32,20,7950,150
529,0,210,11.45,50,8800,400
530,0,210,1.64,25,5600,200
531,0,210,11.1,40,3950,50
532,0,210,1.52,5,6650,350
533,0,210,9.26,35,5950,350
534,0,210,11.83,35,5600,100
535,0,210,10.34,20,600,50
536,0,210,6.55,40,6000,400
537,0,210,3.52,20,5200,200
538,0,210,11.7,35,2700,150
539,0,210,14.53,50,900,450
540,0,210,4.92,30,8550,450
541,0,210,8.2,50,3600,300
542,0,210,10.31,35,9200,100
543,0,210,7.55,45,1000,200
544,0,210,13.54,10,3150,450
545,0,210,2.28,15,5750,250
546,0,210,14.1,5,9800,100
547,0,210,5.48,40,6200,200
548,0,210,8.45,10,8500,500
549,0,210,13.77,10,6800,400
550,0,210,11.76,10,7200,400
551,0,210,6.96,50,5400,150
552,0,210,13.11,5,900,300
553,0,210,5.55,15,2100,350
554,0,210,5.67,40,7750,250
555,0,210,5.15,5,7150,50
556,0,210,7.05,30,500,500
557,0,210,1.67,5,10000,500
558,0,210,1.95,40,900,150
559,0,210,14.16,45,1400,350
560,0,210,12.61,35,4500,450
561,0,210,2.02,5,3300,300
562,0,210,6.52,15,8000,500
563,0,210,8.56,40,10000,500
564,0,210,1.98,5,2250,450
565,0,210,2.44,25,2100,350
566,0,210,6.86,15,4750,250
567,0,210,12.28,50,5850,450
568,0,210,9.35,5,8200,100
569,0,210,5.61,20,6300,150
570,0,210,13.73,40,3150,150
571,0,210,6.23,35,8550,450
572,0,210,9.37,10,2100,350
573,0,210,2.49,20,9900,450
574,0,210,7.58,5,7700,50
575,0,210,12.22,35,7200,150
576,0,210,14.26,45,2400,150
577,0,210,12.05,15,2450,350
578,0,210,12.44,35,9900,450
579,0,210,9.15,20,4700,50
580,0,210,4.65,30,4500,450
581,0,210,10.43,30,4500,450
582,0,210,7.05,10,7200,400
583,0,210,11.92,35,5000,500
584,0,210,11.6,10,2100,300
585,0,210,13.0,30,2000,500
586,0,210,3.84,50,2500,500
587,0,210,9.69,45,1350,450
588,0,210,5.37,45,2800,350
589,0,210,5.31,30,9100,100
590,0,210,5.76,15,4400,400
591,0,210,12.87,15,2700,150
592,0,210,2.87,10,9300,100
593,0,210,13.42,15,5750,250
594,0,210,9.47,45,1100,100
595,0,210,13.35,15,6550,50
596,0,210,8.86,20,2000,500
597,0,210,9.7,40,1000,500
598,0,210,7.75,20,4400,400
599,0,210,13.11,40,8700,300
600,0,210,13.75,35,8200,200
601,0,210,11.88,10,7600,400
602,0,210,11.45,10,4000,500
603,0,210,6.41,35,3350,50
604,0,210,14.3,50,3850,50
605,0,210,4.19,15,2500,250
606,0,210,3.01,40,6300,150
607,0,210,3.51,5,200,200
608,0,210,9.8,35,1000,500
609,0,210,11.2,50,7850,50
610,0,210,4.07,10,4800,400
611,0,210,7.89,5,8400,150
612,0,210,7.66,30,5600,350
613,0,210,7.24,15,1500,500
614,0,210,7.24,30,7950,150
615,0,210,7.99,50,8800,50
616,0,210,4.57,35,6400,400
617,0,210,5.54,25,1200,400
618,0,210,8.26,10,3600,200
619,0,210,3.5,30,5400,150
620,0,210,3.97,30,9800,200
621,0,210,9.91,5,4800,400
622,0,210,10.53,25,1750,350
623,0,210,5.61,50,2100,350
624,0,210,9.13,20,4950,450
625,0,210,11.25,45,5500,250
626,0,210,8.4,10,9800,350
627,0,210,4.36,5,450,50
628,0,210,12.06,40,8550,150
629,0,210,8.45,45,2250,250
630,0,210,10.37,10,2200,200
631,0,210,4.45,5,2000,500
632,0,210,11.94,20,9000,150
633,0,210,6.72,30,5950,350
634,0,210,14.06,15,5200,400
635,0,210,14.63,5,9750,150
636,0,210,2.54,25,8400,350
637,0,210,13.28,20,9600,300
638,0,210,7.56,50,9900,450
639,0,210,11.01,15,800,200
640,0,210,2.55,30,3500,500
641,0,210,10.5,10,7500,300
642,0,210,3.58,20,3600,400
643,0,210,2.54,15,300,100
644,0,210,14.32,20,8200,200
645,0,210,7.37,15,4050,150
646,0,210,5.45,35,2500,100
647,0,210,2.86,5,7800,150
648,0,210,12.24,40,2250,250
649,0,210,14.39,25,3800,200
650,0,210,6.0,40,8100,450
651,0,210,9.78,15,2000,500
652,0,210,7.84,30,700,100
653,0,210,2.41,45,2500,250
654,0,210,12.64,35,3000,500
655,0,210,12.71,25,8800,400
656,0,210,9.55,45,1800,300
657,0,210,14.29,20,6000,250
658,0,210,10.96,15,9000,300
659,0,210,7.72,50,3250,50
660,0,210,5.28,10,5200,400
661,0,210,3.99,35,2750,50
662,0,210,8.48,15,7600,400
663,0,210,13.4,10,4250,250
664,0,210,1.58,5,5600,400
665,0,210,4.05,50,4550,350
666,0,210,3.38,35,1200,400
667,0,210,13.58,15,10000,400
668,0,210,4.63,20,2400,300
669,0,210,7.01,50,8000,400
670,0,210,6.45,20,6300,300
671,0,210,8.67,50,8750,350
672,0,210,3.8,5,9600,150
673,0,210,13.12,50,5400,100
674,0,210,1.51,25,8350,50
675,0,210,7.43,10,2950,50
676,0,210,5.09,40,3800,100
677,0,210,8.08,15,250,250
678,0,210,12.97,20,8400,400
679,0,210,5.89,45,2800,350
680,0,210,13.11,25,3400,200
681,0,210,12.56,50,5850,50
682,0,210,3.96,50,9000,150
683,0,210,14.58,45,4800,100
684,0,210,8.92,40,2450,350
685,0,210,7.72,20,1750,350
686,0,210,3.04,5,7100,100
687,0,210,5.6,5,5250,250
688,0,210,11.4,15,900,450
689,0,210,13.49,5,4600,50
690,0,210,7.5,5,2100,350
691,0,210,2.32,35,1500,300
692,0,210,13.06,30,4050,450
693,0,210,2.45,45,4000,250
694,0,210,7.25,10,9600,200
695,0,210,8.0,50,1750,250
696,0,210,12.84,5,4000,250
697,0,210,6.87,50,4250,250
698,0,210,14.77,25,6800,400
699,0,210,9.57,5,2250,250
700,0,210,4.26,5,5250,350
701,0,210,7.34,30,1500,300
702,0,210,13.19,5,7050,150
703,0,210,9.25,15,3000,500
704,0,210,6.7,5,2800,350
705,0,210,14.66,25,5500,100
706,0,210,4.88,40,7500,300
707,0,210,9.9,30,9450,350
708,0,210,11.44,20,9900,450
709,0,210,14.27,25,7800,300
710,0,210,5.23,15,9500,500
711,0,210,14.66,15,5850,450
712,0,210,11.4,25,900,50
713,0,210,9.38,45,4800,150
714,0,210,1.88,45,6600,50
715,0,210,7.37,25,1200,300
716,0,210,13.06,50,9750,250
717,0,210,7.71,25,4950,150
718,0,210,7.67,45,900,450
719,0,210,14.75,50,8100,450
720,0,210,10.58,10,9900,450
721,0,210,12.48,30,4000,250
722,0,210,11.57,45,3000,500
723,0,210,14.34,10,6550,50
724,0,210,9.73,5,9500,250
725,0,210,10.83,35,2650,50
726,0,210,9.75,45,9500,500
727,0,210,5.24,10,5550,150
728,0,210,13.88,45,2400,300
729,0,210,7.19,15,2450,350
730,0,210,2.22,50,200,200
731,0,210,5.59,35,4400,400
732,0,210,5.84,5,10000,400
733,0,210,13.45,5,3000,300
734,0,210,2.07,35,7250,250
735,0,210,10.34,45,9450,450
736,0,210,13.26,50,500,500
737,0,210,3.14,40,650,50
738,0,210,10.2,35,3000,250
739,0,210,10.8,50,2100,350
740,0,210,7.94,10,8100,450
741,0,210,11.41,5,5600,350
742,0,210,2.83,40,5500,250
743,0,210,14.95,25,9750,250
744,0,210,10.09,15,2250,250
745,0,210,9.93,10,450,450
746,0,210,5.86,15,8400,350
747,0,210,7.98,25,10000,250
748,0,210,13.07,50,5600,400
749,0,210,8.78,25,7650,450
750,0,210,6.53,20,9300,300
751,0,210,8.23,25,7650,150
752,0,210,5.11,10,7800,200
753,0,210,14.03,10,700,350
754,0,210,5.96,45,4350,150
755,0,210,9.2,35,5100,300
756,0,210,13.93,5,4600,100
757,0,210,9.99,10,1800,150
758,0,210,3.47,25,8000,200
759,0,210,3.56,10,3600,150
760,0,210,5.37,10,10000,400
761,0,210,13.06,15,2450,350
762,0,210,13.82,40,1200,400
763,0,210,14.72,30,200,200
764,0,210,7.44,20,1500,300
765,0,210,1.78,45,3150,150
766,0,210,2.64,5,4800,400
767,0,210,7.85,40,5250,350
768,0,210,7.4,45,2800,350
769,0,210,12.99,45,3500,350
770,0,210,3.4,15,1800,300
771,0,210,11.01,15,3900,300
772,0,210,6.68,50,5700,150
773,0,210,6.1,30,3000,250
774,0,210,4.0,45,2000,250
775,0,210,7.74,35,10000,500
776,0,210,10.89,5,1200,400
777,0,210,1.63,30,3000,200
778,0,210,14.83,50,8500,500
779,0,210,12.66,35,3000,300
780,0,210,2.18,10,10000,400
781,0,210,14.76,10,7600,200
782,0,210,14.63,35,6200,200
783,0,210,13.17,40,7950,50
784,0,210,8.64,45,1350,150
785,0,210,6.61,30,4600,200
786,0,210,10.18,20,300,300
787,0,210,13.09,10,8000,100
788,0,210,7.61,50,3200,50
789,0,210,8.62,40,9400,100
790,0,210,14.29,5,7650,150
791,0,210,9.84,5,9700,100
792,0,210,6.96,10,7600,400
793,0,210,8.11,15,5900,100
794,0,210,2.7,45,1000,50
795,0,210,6.2,30,1600,400
796,0,210,14.33,15,8000,200
797,0,210,6.99,50,700,350
798,0,210,5.25,45,1400,100
799,0,210,9.51,40,4400,100
800,0,210,8.87,15,5950,350
801,0,210,3.56,15,4900,350
802,0,210,13.91,25,4900,100
803,0,210,11.42,5,7250,250
804,0,210,3.34,5,6000,100
805,0,210,12.54,20,9500,500
806,0,210,11.63,15,800,400
807,0,210,9.2,40,2000,500
808,0,210,14.29,5,7550,50
809,0,210,8.18,30,6500,250
810,0,210,7.06,20,9000,450
811,0,210,7.53,15,4200,150
812,0,210,14.56,5,700,100
813,0,210,13.51,30,6650,350
814,0,210,14.51,35,3750,250
815,0,210,7.79,10,6800,400
816,0,210,9.94,45,7000,500
817,0,210,4.85,20,1500,500
818,0,210,12.94,35,2450,350
819,0,210,4.96,50,1800,200
820,0,210,3.54,20,9600,400
821,0,210,2.8,50,9100,350
822,0,210,11.98,10,2250,450
823,0,210,12.43,35,3900,150
824,0,210,3.31,45,7000,350
825,0,210,5.49,5,250,250
826,0,210,2.64,35,4500,500
827,0,210,13.43,45,7000,500
828,0,210,11.96,35,9750,150
829,0,210,13.96,20,2500,250
830,0,210,1.52,45,2100,150
831,0,210,7.89,35,9900,450
832,0,210,5.82,5,9300,150
833,0,210,7.64,40,6600,200
834,0,210,6.62,20,9200,400
835,0,210,12.92,30,4200,150
836,0,210,4.16,30,6750,50
837,0,210,12.04,20,5000,200
838,0,210,6.29,25,9200,400
839,0,210,10.22,15,2400,300
840,0,210,5.99,50,9000,450
841,0,210,8.54,25,4900,350
842,0,210,7.65,45,9000,450
843,0,210,9.1,35,350,50
844,0,210,3.83,50,4500,500
845,0,210,3.83,20,9200,400
846,0,210,10.25,30,2000,400
847,0,210,2.38,35,4500,500
848,0,210,13.4,40,8400,200
849,0,210,9.04,5,250,250
850,0,210,12.66,20,3000,200
851,0,210,11.04,30,7650,450
852,0,210,4.78,45,8000,250
853,0,210,2.95,25,900,300
854,0,210,4.75,25,4750,50
855,0,210,8.13,40,2550,150
856,0,210,11.59,50,3000,200
857,0,210,7.4,35,10000,500
858,0,210,6.48,35,6700,100
859,0,210,12.41,10,3150,150
860,0,210,6.47,35,800,200
861,0,210,11.81,45,2700,300
862,0,210,11.35,30,5200,400
863,0,210,7.38,15,4000,400
864,0,210,8.77,40,6000,500
865,0,210,9.92,5,8500,500
866,0,210,3.38,45,4500,450
867,0,210,2.92,30,7700,350
868,0,210,12.41,5,1100,50
869,0,210,7.01,20,900,100
870,0,210,13.66,30,9750,250
871,0,210,3.38,35,9500,500
872,0,210,10.97,15,7700,350
873,0,210,4.52,10,5700,300
874,0,210,7.56,30,3500,100
875,0,210,10.26,45,350,350
876,0,210,5.01,5,4000,200
877,0,210,9.03,25,3200,400
878,0,210,13.95,10,9900,150
879,0,210,12.3,30,7000,350
880,0,210,12.03,15,900,450
881,0,210,5.15,25,5100,300
882,0,210,4.0,45,4000,250
883,0,210,10.3,20,2100,300
884,0,210,4.74,20,2700,450
885,0,210,6.85,10,8750,350
886,0,210,12.18,35,900,150
887,0,210,2.17,20,7950,50
888,0,210,13.93,15,200,200
889,0,210,5.07,25,6100,100
890,0,210,6.65,40,6650,350
891,0,210,2.8,10,4200,350
892,0,210,11.17,35,6600,150
893,0,210,7.41,20,4700,50
894,0,210,1.92,30,2400,400
895,0,210,10.7,25,7200,400
896,0,210,10.09,25,2300,100
897,0,210,14.5,10,500,500
898,0,210,2.0,25,6500,500
899,0,210,9.35,25,200,200
900,0,210,14.96,45,7600,400
901,0,210,7.48,30,8600,200
902,0,210,10.12,20,2400,300
903,0,210,9.96,45,2800,200
904,0,210,12.44,15,4800,200
905,0,210,7.19,35,7000,250
906,0,210,4.09,25,6300,350
907,0,210,7.3,50,5400,300
908,0,210,13.09,25,900,450
909,0,210,9.4,20,8550,450
910,0,210,5.23,25,4800,300
911,0,210,4.0,45,2800,400
912,0,210,14.46,5,6900,50
913,0,210,5.32,10,3500,500
914,0,210,4.83,35,7000,500
915,0,210,1.98,45,5200,400
916,0,210,14.08,45,8850,150
917,0,210,13.14,5,3900,150
918,0,210,11.27,5,6300,350
919,0,210,8.26,45,8800,100
920,0,210,11.49,40,5500,500
921,0,210,5.8,5,7000,200
922,0,210,8.68,20,4500,300
923,0,210,7.89,10,1800,300
924,0,210,6.08,35,6800,400
925,0,210,11.83,30,9500,500
926,0,210,9.19,15,8550,450
927,0,210,5.38,40,7950,150
928,0,210,11.05,35,600,150
929,0,210,4.42,35,550,50
930,0,210,3.27,5,4800,200
931,0,210,6.14,20,3300,150
932,0,210,9.21,40,9800,200
933,0,210,4.07,50,9600,150
934,0,210,3.67,15,1800,150
935,0,210,12.44,35,2450,350
936,0,210,5.86,5,5600,400
937,0,210,9.92,30,8600,50
938,0,210,14.38,20,7100,100
939,0,210,13.4,35,9400,200
940,0,210,9.97,10,4400,200
941,0,210,9.69,40,9200,100
942,0,210,12.27,10,1800,150
943,0,210,2.99,45,3450,150
944,0,210,4.45,35,8550,50
945,0,210,7.35,45,7600,400
946,0,210,2.22,35,2400,300
947,0,210,5.6,50,4050,450
948,0,210,6.83,20,1600,200
949,0,210,7.81,20,1750,350
950,0,210,3.92,35,7200,450
951,0,210,8.02,35,9900,150
952,0,210,10.93,45,7300,100
953,0,210,5.92,15,7350,350
954,0,210,4.19,50,2750,250
955,0,210,7.11,50,4000,500
956,0,210,5.37,5,3000,500
957,0,210,13.4,10,5400,200
958,0,210,2.89,15,2250,450
959,0,210,4.29,10,5250,150
960,0,210,8.27,20,5700,150
961,0,210,9.15,30,7650,150
962,0,210,10.95,15,4550,350
963,0,210,7.75,40,9800,350
964,0,210,3.14,25,6500,250
965,0,210,8.52,15,7200,200
966,0,210,6.98,35,8700,300
967,0,210,8.5,35,10000,400
968,0,210,12.45,30,3100,50
969,0,210,1.87,15,3200,200
970,0,210,7.89,45,3500,100
971,0,210,4.62,35,8400,350
972,0,210,5.0,5,900,50
973,0,210,12.15,50,2100,100
974,0,210,3.73,15,5200,400
975,0,210,12.86,30,6000,250
976,0,210,8.39,45,6900,300
977,0,210,8.21,25,4400,400
978,0,210,6.46,20,1500,500
979,0,210,6.91,10,8550,450
980,0,210,14.8,10,5950,350
981,0,210,4.72,25,4250,50
982,0,210,3.44,50,1600,100
983,0,210,5.07,30,2400,300
984,0,210,10.87,5,5400,150
985,0,210,4.3,25,9300,300
986,0,210,11.39,25,6000,500
987,0,210,3.54,20,7250,250
988,0,210,3.43,20,8550,150
989,0,210,4.66,30,9900,300
990,0,210,8.03,40,5000,50
991,0,210,5.14,10,5250,250
992,0,210,7.27,10,6750,250
993,0,210,10.03,40,9100,350
994,0,210,4.75,10,4800,50
995,0,210,1.63,45,1500,150
996,0,210,1.77,50,2100,300
997,0,210,13.17,35,3850,350
998,0,210,10.36,20,10000,400
999,0,210,11.02,50,8800,200
1000,0,210,11.64,10,6900,300
1001,0,210,8.52,50,4250,50
1002,0,210,14.46,25,9900,450
1003,0,210,14.41,25,1700,50
1004,0,210,7.96,40,5400,150
1005,0,210,3.01,20,6950,50
1006,0,210,10.36,20,6400,200
1007,0,210,1.78,5,9450,450
1008,0,210,14.27,15,1400,200
1009,0,210,4.05,35,4400,400
1010,0,210,10.59,35,3400,50
1011,0,210,11.96,30,5100,300
1012,0,210,6.1,35,7400,100
1013,0,210,5.08,40,8400,200
1014,0,210,7.54,35,7800,200
1015,0,210,11.45,30,3150,350
1016,0,210,1.98,10,1200,400
1017,0,210,2.37,50,1000,500
1018,0,210,7.58,10,350,50
1019,0,210,10.38,35,5400,450
1020,0,210,1.82,35,2000,250
1021,0,210,9.4,20,8100,450
1022,0,210,10.42,20,2500,500
1023,0,210,3.92,35,3000,100
1024,0,210,8.92,5,7500,500
1025,0,210,7.88,15,1800,300
1026,0,210,7.85,30,9100,100
1027,0,210,2.27,25,900,300
1028,0,210,7.2,15,5700,150
1029,0,210,4.47,20,3300,150
1030,0,210,8.79,50,8500,500
1031,0,210,7.6,30,2200,100
1032,0,210,8.66,15,2400,300
1033,0,210,10.61,35,7600,100
1034,0,210,2.73,15,7500,500
1035,0,210,12.11,30,9750,150
1036,0,210,2.06,50,10000,400
1037,0,210,6.48,20,6750,250
1038,0,210,3.38,5,6800,100
1039,0,210,10.49,20,7600,400
1040,0,210,12.22,25,1450,50
1041,0,210,3.68,25,3150,450
1042,0,210,3.81,25,9300,300
1043,0,210,6.54,10,4650,150
1044,0,210,6.67,20,1900,50
1045,0,210,10.94,5,6750,150
1046,0,210,11.81,30,4650,150
1047,0,210,7.15,40,5700,300
1048,0,210,7.38,15,6750,250
1049,0,210,4.1,30,7650,150
1050,0,210,10.16,25,5400,450
1051,0,210,10.48,35,9000,450
1052,0,210,9.28,20,2400,200
1053,0,210,1.63,45,3150,350
1054,0,210,10.62,50,3000,300
1055,0,210,8.49,50,2800,200
1056,0,210,9.46,35,3900,300
1057,0,210,9.4,50,1500,300
1058,0,210,5.91,35,5950,50
1059,0,210,10.65,10,9450,450
1060,0,210,5.08,35,2400,100
1061,0,210,3.47,40,10000,400
1062,0,210,1.9,40,1400,50
1063,0,210,14.51,15,6000,300
1064,0,210,7.46,50,1800,450
1065,0,210,11.69,15,700,100
1066,0,210,1.71,30,5000,200
1067,0,210,10.95,50,6500,500
1068,0,210,11.47,15,4500,300
1069,0,210,3.75,10,6750,450
1070,0,210,2.57,10,5100,150
1071,0,210,3.81,25,7000,50
1072,0,210,7.99,20,4950,150
1073,0,210,1.59,35,9800,100
1074,0,210,12.08,35,7650,150
1075,0,210,10.2,45,2800,400
1076,0,210,5.76,40,5700,300
1077,0,210,11.73,10,7750,250
1078,0,210,9.8,30,2800,350
1079,0,210,7.62,35,9450,350
1080,0,210,1.71,40,7200,450
1081,0,210,2.48,25,1800,150
1082,0,210,9.11,20,2000,400
1083,0,210,10.32,15,7250,250
1084,0,210,14.75,25,3000,250
1085,0,210,13.59,25,5750,250
1086,0,210,10.48,10,8300,100
1087,0,210,11.52,10,7200,400
1088,0,210,14.03,50,8200,200
1089,0,210,13.71,10,3450,150
1090,0,210,14.54,25,8400,300
1091,0,210,14.28,40,9000,150
1092,0,210,5.12,20,2000,400
1093,0,210,11.84,15,8500,50
1094,0,210,7.47,45,4400,100
1095,0,210,9.24,20,6150,150
1096,0,210,10.72,10,4200,100
1097,0,210,11.11,15,3000,500
1098,0,210,6.25,5,8200,200
1099,0,210,14.04,45,7700,350
1100,0,210,6.75,45,7000,500
1101,0,210,14.0,45,7000,500
1102,0,210,8.73,15,8800,200
1103,0,210,5.65,25,8800,200
1104,0,210,9.45,30,9000,250
1105,0,210,4.92,15,8400,200
1106,0,210,3.57,15,8550,450
1107,0,210,8.77,5,9450,350
1108,0,210,9.92,45,4400,100
1109,0,210,11.23,10,5000,200
1110,0,210,6.4,5,3000,300
1111,0,210,9.75,45,300,300
1112,0,210,5.62,15,7800,200
1113,0,210,6.58,45,1950,150
1114,0,210,7.51,50,2600,200
1115,0,210,13.02,50,5800,100
1116,0,210,14.33,50,8400,150
1117,0,210,14.27,15,5600,350
1118,0,210,13.14,45,4000,200
1119,0,210,4.0,20,7500,250
1120,0,210,9.61,30,5300,100
1121,0,210,12.37,30,2800,350
1122,0,210,11.83,10,4200,300
1123,0,210,14.17,5,2100,300
1124,0,210,14.09,50,9500,500
1125,0,210,11.86,45,4250,250
1126,0,210,7.42,40,7050,150
1127,0,210,11.47,50,400,200
1128,0,210,6.41,20,4750,250
1129,0,210,4.01,50,5000,500
1130,0,210,4.03,35,500,500
1131,0,210,14.39,10,1800,150
1132,0,210,12.94,10,2800,400
1133,0,210,13.39,30,8200,200
1134,0,210,3.71,35,3400,200
1135,0,210,4.46,15,7600,400
1136,0,210,13.1,35,8950,50
1137,0,210,6.51,10,7200,450
1138,0,210,10.15,20,9450,50
1139,0,210,8.34,50,1400,100
1140,0,210,2.51,20,5100,50
1141,0,210,14.07,5,7800,150
1142,0,210,4.46,20,7100,50
1143,0,210,5.41,20,10000,250
1144,0,210,4.73,30,5850,450
1145,0,210,14.49,30,4200,100
1146,0,210,8.02,40,3150,350
1147,0,210,4.84,20,8050,50
1148,0,210,11.34,30,7650,450
1149,0,210,3.87,30,9850,50
1150,0,210,9.5,25,8400,200
1151,0,210,2.25,35,3500,250
1152,0,210,5.57,35,4550,350
1153,0,210,2.86,35,3500,500
1154,0,210,5.82,45,5250,350
1155,0,210,11.36,10,250,250
1156,0,210,8.82,45,4750,250
1157,0,210,6.88,15,3000,250
1158,0,210,1.85,5,5600,400
1159,0,210,2.1,50,7400,100
1160,0,210,8.2,5,5000,500
1161,0,210,8.32,40,10000,50
1162,0,210,2.56,40,600,150
1163,0,210,8.39,35,9800,200
1164,0,210,14.98,20,5250,350
1165,0,210,2.55,10,6500,500
1166,0,210,4.36,50,3200,400
1167,0,210,7.29,45,600,200
1168,0,210,4.04,30,250,250
1169,0,210,11.83,25,7650,450
1170,0,210,5.91,5,9600,300
1171,0,210,8.26,45,8400,350
1172,0,210,11.2,20,4400,400
1173,0,210,12.26,20,1400,100
1174,0,210,4.68,5,8000,200
1175,0,210,8.38,10,6600,50
1176,0,210,3.68,45,500,500
1177,0,210,13.36,20,1000,500
1178,0,210,12.9,40,350,350
1179,0,210,9.19,35,4950,450
1180,0,210,2.75,15,1000,50
1181,0,210,13.84,10,3900,100
1182,0,210,5.25,35,3750,250
1183,0,210,7.42,20,4050,150
1184,0,210,6.65,40,8700,300
1185,0,210,2.04,20,8500,250
1186,0,210,7.53,10,8750,50
1187,0,210,6.88,45,4800,200
1188,0,210,3.7,50,4300,50
1189,0,210,7.91,30,1500,500
1190,0,210,9.01,35,1900,50
1191,0,210,4.2,5,7000,350
1192,0,210,1.55,20,3600,450
1193,0,210,10.77,20,3000,300
1194,0,210,2.23,40,6650,350
1195,0,210,9.32,5,4500,300
1196,0,210,11.78,20,5200,50
1197,0,210,6.59,30,9500,250
1198,0,210,8.56,35,9950,50
1199,0,210,12.77,10,300,150
1200,0,210,10.01,40,6750,450
1201,0,210,12.06,10,7650,50
1202,0,210,1.67,40,7000,500
1203,0,210,14.62,25,6000,400
1204,0,210,13.49,5,9300,300
1205,0,210,12.13,30,5800,50
1206,0,210,5.71,50,9200,400
1207,0,210,13.91,35,4500,50
1208,0,210,12.58,30,1500,500
1209,0,210,6.37,30,1250,250
1210,0,210,10.5,45,3600,400
1211,0,210,5.6,10,4250,250
1212,0,210,6.24,20,2400,400
1213,0,210,12.35,15,1500,500
1214,0,210,7.36,40,5200,200
1215,0,210,5.49,5,6650,50
1216,0,210,12.97,45,5600,200
1217,0,210,5.75,10,1050,350
1218,0,210,3.95,10,6200,100
1219,0,210,1.79,40,7650,150
1220,0,210,10.19,5,8750,350
1221,0,210,6.53,50,5650,50
1222,0,210,11.28,25,3850,350
1223,0,210,2.07,30,650,50
1224,0,210,11.15,5,4800,400
1225,0,210,7.38,40,9800,100
1226,0,210,9.73,45,2800,350
1227,0,210,6.85,40,2250,450
1228,0,210,2.65,15,1800,200
1229,0,210,7.64,25,8400,50
1230,0,210,8.74,50,5500,250
1231,0,210,11.09,5,2500,500
1232,0,210,6.89,15,1500,250
1233,0,210,11.02,20,7600,100
1234,0,210,4.45,30,8300,100
1235,0,210,13.32,20,4600,200
1236,0,210,4.16,35,7000,100
1237,0,210,7.4,15,7350,350
1238,0,210,4.08,10,4800,400
1239,0,210,12.22,15,4050,450
1240,0,210,6.58,15,400,400
1241,0,210,12.76,35,1800,300
1242,0,210,2.27,40,5000,250
1243,0,210,10.74,40,1750,350
1244,0,210,6.16,35,8000,250
1245,0,210,12.3,25,2850,150
1246,0,210,10.58,30,1500,100
1247,0,210,7.74,10,7350,350
1248,0,210,6.5,40,5850,450
1249,0,210,2.19,50,2200,200
1250,0,210,12.01,35,3550,50
1251,0,210,10.66,35,600,100
1252,0,210,9.8,10,4000,500
1253,0,210,1.94,50,4250,250
1254,0,210,9.21,45,5000,500
1255,0,210,8.7,20,300,50
1256,0,210,6.43,45,9900,100
1257,0,210,3.47,15,9300,100
1258,0,210,11.12,5,10000,100
1259,0,210,7.54,5,900,450
1260,0,210,14.35,35,1250,250
1261,0,210,12.26,40,7800,300
1262,0,210,5.35,15,8250,150
1263,0,210,11.03,30,5000,500
1264,0,210,13.14,30,6000,250
1265,0,210,11.71,20,3000,100
1266,0,210,4.0,45,1800,300
1267,0,210,10.49,5,9450,350
1268,0,210,8.82,40,5400,450
1269,0,210,6.12,20,7500,300
1270,0,210,7.73,45,900,450
1271,0,210,1.94,50,2000,100
1272,0,210,6.79,40,1000,500
1273,0,210,13.8,25,5000,50
1274,0,210,2.73,5,7800,300
1275,0,210,10.93,35,1200,300
1276,0,210,7.55,15,6900,300
1277,0,210,3.83,45,9000,450
1278,0,210,10.92,10,5250,250
1279,0,210,10.3,25,600,300
1280,0,210,5.1,25,4650,150
1281,0,210,12.52,15,3900,300
1282,0,210,11.14,40,1800,200
1283,0,210,7.58,20,5200,400
1284,0,210,8.09,20,1600,100
1285,0,210,14.44,45,4950,450
1286,0,210,8.01,5,4300,50
1287,0,210,11.77,25,9600,300
1288,0,210,9.57,15,7000,100
1289,0,210,13.65,20,1300,50
1290,0,210,12.29,15,7000,50
1291,0,210,7.82,15,500,250
1292,0,210,6.59,25,7600,200
1293,0,210,11.02,45,4500,150
1294,0,210,6.85,40,6200,200
1295,0,210,12.93,25,1800,450
1296,0,210,8.88,30,1200,400
1297,0,210,2.81,5,3400,100
1298,0,210,13.28,15,3350,50
1299,0,210,5.53,30,1000,500
1300,0,210,2.89,45,1400,350
1301,0,210,3.73,40,3100,100
1302,0,210,9.01,15,2800,350
1303,0,210,3.69,40,900,50
1304,0,210,12.83,25,8000,500
1305,0,210,6.81,5,1350,450
1306,0,210,12.51,50,7500,150
1307,0,210,2.62,10,2400,400
1308,0,210,9.14,35,1300,50
1309,0,210,8.31,45,6500,500
1310,0,210,5.69,5,1500,500
1311,0,210,7.63,10,10000,400
1312,0,210,8.51,35,1300,50
1313,0,210,9.81,15,6250,250
1314,0,210,10.71,25,6000,500
1315,0,210,7.13,10,2200,200
1316,0,210,7.71,5,8100,100
1317,0,210,4.45,35,6300,300
1318,0,210,4.04,45,8250,250
1319,0,210,14.18,10,2800,100
1320,0,210,14.51,15,9900,300
1321,0,210,7.82,5,7900,100
1322,0,210,11.96,5,9450,450
1323,0,210,7.54,20,4800,150
1324,0,210,6.99,10,3300,300
1325,0,210,5.47,30,9200,100
1326,0,210,2.76,35,5200,400
1327,0,210,8.72,30,9000,300
1328,0,210,3.34,5,7500,250
1329,0,210,12.64,50,2800,400
1330,0,210,14.46,5,10000,50
1331,0,210,4.6,40,4200,100
1332,0,210,6.08,35,3600,400
1333,0,210,9.99,45,7200,400
1334,0,210,11.65,10,8200,50
1335,0,210,6.01,40,10000,100
1336,0,210,2.82,25,7000,350
1337,0,210,5.17,45,6600,300
1338,0,210,4.82,50,2800,350
1339,0,210,5.9,15,3250,250
1340,0,210,3.34,35,5450,50
1341,0,210,10.84,25,1500,300
1342,0,210,6.98,30,9000,500
1343,0,210,5.99,45,7500,100
1344,0,210,11.83,30,9000,250
1345,0,210,13.54,30,9300,150
1346,0,210,9.58,5,6500,250
1347,0,210,10.43,35,3800,200
1348,0,210,8.34,20,5500,500
1349,0,210,7.47,5,7600,100
1350,0,210,11.81,50,7200,200
1351,0,210,7.01,45,6250,250
1352,0,210,13.93,40,9600,300
1353,0,210,5.68,20,3000,500
1354,0,210,1.71,45,9450,450
1355,0,210,9.92,10,8900,100
1356,0,210,3.12,15,7650,450
1357,0,210,8.14,5,5250,350
1358,0,210,4.12,10,9200,50
1359,0,210,8.91,40,7200,450
1360,0,210,7.86,35,3300,150
1361,0,210,14.72,10,9400,200
1362,0,210,12.95,5,7500,150
1363,0,210,7.14,30,9150,50
1364,0,210,14.93,50,9800,100
1365,0,210,8.54,40,8000,200
1366,0,210,3.81,15,5200,400
1367,0,210,5.9,30,4300,100
1368,0,210,14.38,40,6400,400
1369,0,210,11.27,30,4800,400
1370,0,210,6.48,40,3000,200
1371,0,210,10.5,5,9750,250
1372,0,210,3.25,40,6900,100
1373,0,210,14.26,40,7500,500
1374,0,210,14.64,45,10000,500
1375,0,210,9.99,50,4050,50
1376,0,210,5.53,30,5200,400
1377,0,210,8.61,15,2450,350
1378,0,210,9.56,35,7350,350
1379,0,210,5.1,30,1050,350
1380,0,210,6.73,10,400,400
1381,0,210,12.65,10,8600,200
1382,0,210,9.98,30,8750,250
1383,0,210,10.06,25,7000,500
1384,0,210,12.76,35,3500,350
1385,0,210,9.23,45,1500,250
1386,0,210,6.47,5,7600,50
1387,0,210,8.06,30,700,50
1388,0,210,9.98,50,8350,50
1389,0,210,2.05,40,9000,500
1390,0,210,2.97,15,1300,50
1391,0,210,2.05,45,9450,50
1392,0,210,8.92,10,6700,100
1393,0,210,8.72,50,5850,450
1394,0,210,10.34,35,1800,200
1395,0,210,5.82,10,950,50
1396,0,210,2.79,45,9000,200
1397,0,210,10.88,10,9450,450
1398,0,210,12.04,30,2000,400
1399,0,210,8.83,45,5250,250
1400,0,210,9.61,5,5000,250
1401,0,210,3.07,5,5600,200
1402,0,210,3.37,20,400,50
1403,0,210,2.78,10,4400,400
1404,0,210,2.15,25,6000,500
1405,0,210,12.13,30,6150,150
1406,0,210,2.81,5,450,450
1407,0,210,9.05,50,9000,300
1408,0,210,2.45,5,9950,50
1409,0,210,12.86,5,3600,200
1410,0,210,1.92,45,8400,150
1411,0,210,5.77,35,4650,50
1412,0,210,10.2,45,5700,300
1413,0,210,3.21,5,9600,200
1414,0,210,8.87,30,5800,200
1415,0,210,4.32,30,2250,450
1416,0,210,14.67,15,4500,100
1417,0,210,2.76,10,1200,150
1418,0,210,3.47,40,400,100
1419,0,210,11.96,10,700,350
1420,0,210,2.51,35,700,350
1421,0,210,8.18,10,400,400
1422,0,210,12.92,10,2300,50
1423,0,210,8.82,25,4000,100
1424,0,210,8.62,25,4800,400
1425,0,210,6.99,40,8500,100
1426,0,210,4.46,45,8000,400
1427,0,210,13.62,40,9750,250
1428,0,210,14.31,20,9750,250
1429,0,210,2.35,30,500,500
1430,0,210,6.8,15,8700,150
1431,0,210,1.7,25,400,400
1432,0,210,10.14,35,4050,450
1433,0,210,1.57,35,6300,350
1434,0,210,7.98,15,9450,450
1435,0,210,6.25,25,7200,150
1436,0,210,14.0,45,4500,450
1437,0,210,2.25,50,7650,450
1438,0,210,14.41,30,9500,500
1439,0,210,4.43,50,750,150
1440,0,210,10.82,35,9500,250
1441,0,210,9.52,10,1000,250
1442,0,210,7.91,35,3200,50
1443,0,210,13.59,40,7000,500
1444,0,210,9.61,20,8700,300
1445,0,210,10.49,25,1600,400
1446,0,210,9.95,40,7200,450
1447,0,210,12.98,40,2400,300
1448,0,210,8.57,40,3500,500
1449,0,210,6.85,25,1400,100
1450,0,210,3.32,45,2000,400
1451,0,210,8.01,15,1000,500
1452,0,210,10.08,20,7400,100
1453,0,210,4.52,15,1000,100
1454,0,210,1.58,35,1750,250
1455,0,210,14.43,30,1800,300
1456,0,210,11.17,20,3150,450
1457,0,210,7.55,50,9100,350
1458,0,210,2.85,15,700,100
1459,0,210,9.74,35,9900,150
1460,0,210,3.46,35,900,450
1461,0,210,9.65,45,5700,100
1462,0,210,10.46,35,5800,200
1463,0,210,6.86,35,3000,500
1464,0,210,2.57,5,4550,350
1465,0,210,3.32,45,800,200
1466,0,210,5.41,10,6300,450
1467,0,210,14.05,10,6400,100
1468,0,210,5.96,25,9000,450
1469,0,210,13.64,25,9300,100
1470,0,210,12.64,5,8550,450
1471,0,210,9.2,40,5750,250
1472,0,210,7.24,25,2700,450
1473,0,210,14.75,25,1250,50
1474,0,210,11.25,45,250,250
1475,0,210,2.73,10,7700,350
1476,0,210,6.4,30,2400,100
1477,0,210,5.94,25,5800,200
1478,0,210,5.85,20,8000,400
1479,0,210,6.94,5,7600,100
1480,0,210,9.16,5,7200,450
1481,0,210,10.88,45,2700,300
1482,0,210,9.46,5,3600,450
1483,0,210,12.98,15,7600,400
1484,0,210,8.49,10,9250,250
1485,0,210,7.01,10,7450,50
1486,0,210,12.1,45,7250,250
1487,0,210,9.19,45,8000,500
1488,0,210,9.41,30,6400,400
1489,0,210,7.59,50,3300,300
1490,0,210,9.28,40,5000,500
1491,0,210,7.16,20,1800,200
1492,0,210,9.0,15,1500,500
1493,0,210,6.36,5,6400,50
1494,0,210,2.77,25,4750,250
1495,0,210,14.61,40,3500,350
1496,0,210,6.01,45,1250,50
1497,0,210,7.4,30,9450,450
1498,0,210,7.31,10,9600,300
1499,0,210,2.46,5,6800,100
1500,0,210,6.36,45,7650,450
1501,0,210,12.07,5,7350,350
1502,0,210,2.48,5,4200,300
1503,0,210,7.76,20,9600,150
1504,0,210,4.15,15,2250,150
1505,0,210,10.15,10,1250,250
1506,0,210,12.11,35,2400,300
1507,0,210,14.85,30,8700,150
1508,0,210,12.57,35,4750,250
1509,0,210,9.11,10,4400,200
1510,0,210,7.34,25,7950,150
1511,0,210,12.79,20,9900,300
1512,0,210,2.83,5,8100,450
1513,0,210,13.52,10,8250,250
1514,0,210,4.67,5,3500,350
1515,0,210,6.53,20,7200,450
1516,0,210,14.48,45,4800,400
1517,0,210,2.1,50,8500,500
1518,0,210,14.66,25,4900,100
1519,0,210,1.97,45,800,400
1520,0,210,11.81,45,8850,150
1521,0,210,3.45,10,300,300
1522,0,210,10.21,20,4500,500
1523,0,210,12.13,20,10000,500
1524,0,210,6.02,30,900,150
1525,0,210,7.38,20,8400,350
1526,0,210,1.91,15,8000,500
1527,0,210,10.22,25,7700,350
1528,0,210,4.56,5,9100,100
1529,0,210,1.94,50,10000,400
1530,0,210,11.45,25,9450,350
1531,0,210,11.89,45,1050,350
1532,0,210,10.23,25,1600,400
1533,0,210,8.02,5,5900,50
1534,0,210,3.67,5,5100,300
1535,0,210,9.86,20,6600,50
1536,0,210,9.41,10,5700,300
1537,0,210,10.21,10,6250,250
1538,0,210,13.64,5,7700,350
1539,0,210,10.65,25,1250,250
1540,0,210,10.16,30,9000,450
1541,0,210,6.66,5,9750,150
1542,0,210,2.87,40,4300,100
1543,0,210,4.82,15,2000,400
1544,0,210,1.75,5,6600,150
1545,0,210,9.23,5,2000,500
1546,0,210,5.06,15,7000,350
1547,0,210,12.22,25,600,200
1548,0,210,4.74,15,350,350
1549,0,210,14.2,35,4800,400
1550,0,210,14.47,20,9400,200
1551,0,210,6.74,25,2500,500
1552,0,210,1.96,15,3500,250
1553,0,210,4.16,5,4500,250
1554,0,210,1.84,5,3250,250
1555,0,210,10.66,15,4050,450
1556,0,210,13.93,15,9500,500
1557,0,210,15.0,50,2900,50
1558,0,210,10.46,10,7950,150
1559,0,210,14.4,25,8250,150
1560,0,210,14.82,45,4800,300
1561,0,210,4.62,15,6300,150
1562,0,210,1.69,50,9450,50
1563,0,210,11.92,5,8700,150
1564,0,210,6.26,45,4500,500
1565,0,210,2.73,15,6800,400
1566,0,210,10.26,15,3600,150
1567,0,210,10.03,40,9600,100
1568,0,210,12.73,45,3900,150
1569,0,210,8.35,50,1400,350
1570,0,210,8.45,20,8100,300
1571,0,210,4.82,5,5350,50
1572,0,210,5.28,50,4000,400
1573,0,210,6.35,30,5200,400
1574,0,210,12.53,40,9500,500
1575,0,210,13.03,10,7350,350
1576,0,210,3.35,20,8750,250
1577,0,210,1.78,5,1000,500
1578,0,210,6.11,40,6800,200
1579,0,210,2.98,30,9600,50
1580,0,210,10.37,50,9450,450
1581,0,210,11.24,50,2150,50
1582,0,210,11.26,20,3600,450
1583,0,210,2.01,15,9200,200
1584,0,210,6.06,20,1550,50
1585,0,210,4.42,15,4250,250
1586,0,210,3.58,50,4600,50
1587,0,210,9.01,40,8800,400
1588,0,210,1.92,10,6500,500
1589,0,210,5.34,25,7400,100
1590,0,210,1.88,15,9400,100
1591,0,210,2.29,50,3150,450
1592,0,210,4.89,45,5950,350
1593,0,210,8.66,20,9900,450
1594,0,210,1.97,25,4000,500
1595,0,210,9.22,10,7800,200
1596,0,210,3.85,45,2800,400
1597,0,210,1.66,50,10000,400
1598,0,210,4.05,25,5800,50
1599,0,210,14.66,5,10000,250
1600,0,210,12.68,30,2250,150
1601,0,210,3.92,15,1050,150
1602,0,210,5.62,30,1200,400
1603,0,210,12.09,40,2500,100
1604,0,210,14.61,5,3300,300
1605,0,210,10.07,25,4200,150
1606,0,210,7.04,30,1200,400
1607,0,210,1.61,5,2800,400
1608,0,210,3.77,50,7000,500
1609,0,210,4.23,15,3000,300
1610,0,210,9.6,35,2500,500
1611,0,210,9.13,20,10000,500
1612,0,210,8.93,30,3750,250
1613,0,210,12.57,40,8500,500
1614,0,210,12.8,10,8600,200
1615,0,210,11.91,50,500,100
1616,0,210,11.95,10,4500,500
1617,0,210,11.59,20,2000,250
1618,0,210,4.04,5,1500,150
1619,0,210,6.72,45,3600,400
1620,0,210,10.5,5,2400,300
1621,0,210,9.4,30,4550,350
1622,0,210,1.56,50,7200,200
1623,0,210,11.52,10,7200,400
1624,0,210,2.37,40,3000,300
1625,0,210,9.82,10,8000,400
1626,0,210,8.82,25,10000,400
1627,0,210,7.14,20,3150,450
1628,0,210,6.09,45,5600,200
1629,0,210,14.48,30,3850,350
1630,0,210,8.64,30,900,150
1631,0,210,14.96,20,8100,300
1632,0,210,3.22,10,9600,100
1633,0,210,2.18,40,8700,150
1634,0,210,3.69,15,7400,100
1635,0,210,6.67,5,3500,500
1636,0,210,11.39,35,6000,400
1637,0,210,13.79,30,1200,50
1638,0,210,2.31,5,3300,100
1639,0,210,3.97,40,3200,400
1640,0,210,11.43,30,250,250
1641,0,210,11.92,40,8400,300
1642,0,210,10.2,40,450,150
1643,0,210,10.41,15,8000,500
1644,0,210,5.38,25,3150,450
1645,0,210,8.09,35,3750,150
1646,0,210,7.88,25,4050,150
1647,0,210,11.59,5,10000,250
1648,0,210,9.58,25,2000,400
1649,0,210,5.21,50,5100,100
1650,0,210,1.57,40,6750,250
1651,0,210,10.08,15,2600,100
1652,0,210,3.01,10,7800,300
1653,0,210,5.03,50,2300,50
1654,0,210,5.78,45,6650,350
1655,0,210,7.13,35,1100,100
1656,0,210,13.34,25,6750,450
1657,0,210,6.42,5,5600,200
1658,0,210,4.88,25,6050,50
1659,0,210,5.65,50,6200,50
1660,0,210,9.72,40,5400,300
1661,0,210,14.62,10,4500,250
1662,0,210,8.39,10,1200,300
1663,0,210,13.95,10,3000,300
1664,0,210,14.18,35,9200,200
1665,0,210,14.3,20,7400,100
1666,0,210,4.17,30,3950,50
1667,0,210,3.3,35,8400,200
1668,0,210,6.39,15,6400,400
1669,0,210,7.6,5,1000,500
1670,0,210,5.38,35,6600,300
1671,0,210,14.7,35,6900,100
1672,0,210,6.47,40,5000,500
1673,0,210,2.49,15,8550,450
1674,0,210,8.88,50,5400,450
1675,0,210,3.4,45,3600,100
1676,0,210,5.16,50,4800,400
1677,0,210,12.13,20,2900,100
1678,0,210,6.82,40,8000,500
1679,0,210,8.34,15,4200,350
1680,0,210,4.52,5,2700,100
1681,0,210,4.46,40,5000,500
1682,0,210,4.22,20,2100,150
1683,0,210,5.16,15,5850,450
1684,0,210,14.08,25,3000,250
1685,0,210,11.42,35,4800,400
1686,0,210,8.73,30,4900,100
1687,0,210,3.15,10,2000,500
1688,0,210,8.92,20,10000,500
1689,0,210,12.81,25,4000,400
1690,0,210,12.87,30,4200,350
1691,0,210,14.85,35,7600,400
1692,0,210,5.2,25,6750,150
1693,0,210,6.74,15,6200,100
1694,0,210,2.46,5,2700,150
1695,0,210,13.01,20,1900,100
1696,0,210,3.26,45,8000,200
1697,0,210,3.39,35,9300,300
1698,0,210,11.54,10,1200,100
1699,0,210,3.25,10,8450,50
1700,0,210,7.48,50,3800,200
1701,0,210,2.69,45,8250,150
1702,0,210,14.46,40,6400,400
1703,0,210,3.09,15,3000,200
1704,0,210,8.32,40,2400,300
1705,0,210,3.39,30,7050,150
1706,0,210,12.97,30,7350,150
1707,0,210,1.6,20,9600,200
1708,0,210,14.1,15,2800,100
1709,0,210,9.52,15,2450,350
1710,0,210,14.47,35,6900,300
1711,0,210,14.47,5,4200,150
1712,0,210,4.48,50,4750,250
1713,0,210,14.24,20,6500,50
1714,0,210,2.77,10,9800,50
1715,0,210,11.77,40,7750,250
1716,0,210,14.65,25,8800,100
1717,0,210,8.15,50,1350,450
1718,0,210,2.51,10,9450,450
1719,0,210,8.53,35,2800,200
1720,0,210,6.17,50,6500,500
1721,0,210,5.38,20,1500,100
1722,0,210,14.59,50,7650,450
1723,0,210,14.49,25,4200,200
1724,0,210,3.66,30,7650,450
1725,0,210,13.21,30,1400,350
1726,0,210,4.76,45,4950,450
1727,0,210,11.8,20,1500,500
1728,0,210,4.53,5,6900,300
1729,0,210,5.96,40,5700,150
1730,0,210,6.24,20,5000,500
1731,0,210,7.78,30,4050,150
1732,0,210,6.07,30,3500,500
1733,0,210,4.38,30,9600,150
1734,0,210,5.41,5,4500,150
1735,0,210,7.66,15,1000,250
1736,0,210,8.1,30,1750,250
1737,0,210,10.85,45,9800,350
1738,0,210,9.15,45,5500,250
1739,0,210,8.38,50,9800,350
1740,0,210,11.51,20,800,200
1741,0,210,9.58,45,2800,100
1742,0,210,3.22,40,5200,200
1743,0,210,6.9,5,4500,450
1744,0,210,5.78,45,4500,250
1745,0,210,11.57,30,350,50
1746,0,210,11.2,30,1300,100
1747,0,210,2.51,10,6900,150
1748,0,210,6.47,25,6900,100
1749,0,210,2.62,5,6600,200
1750,0,210,4.1,35,8000,500
1751,0,210,13.68,20,3150,450
1752,0,210,14.19,50,2250,250
1753,0,210,3.58,45,3600,400
1754,0,210,4.94,20,1350,450
1755,0,210,7.96,50,400,400
1756,0,210,9.91,45,7500,300
1757,0,210,6.66,30,9750,150
1758,0,210,3.52,15,100,100
1759,0,210,8.33,15,6200,50
1760,0,210,6.94,50,1500,100
1761,0,210,10.45,15,8000,200
1762,0,210,12.18,5,4200,150
1763,0,210,4.66,30,5600,200
1764,0,210,4.13,20,5000,200
1765,0,210,12.06,30,1500,500
1766,0,210,12.73,20,8600,200
1767,0,210,14.59,25,2400,400
1768,0,210,9.23,5,7900,50
1769,0,210,3.39,25,3600,300
1770,0,210,3.91,10,4200,150
1771,0,210,3.53,30,2200,50
1772,0,210,4.09,15,8550,450
1773,0,210,5.6,30,7200,400
1774,0,210,7.46,20,6100,100
1775,0,210,8.11,40,2400,200
1776,0,210,6.86,40,8200,100
1777,0,210,13.17,5,700,350
1778,0,210,12.72,5,7500,150
1779,0,210,10.72,40,8400,400
1780,0,210,8.62,10,8400,350
1781,0,210,3.11,20,1200,150
1782,0,210,14.92,30,400,400
1783,0,210,3.96,35,8400,300
1784,0,210,7.06,30,4500,500
1785,0,210,2.4,25,1500,300
1786,0,210,5.43,30,3150,150
1787,0,210,8.79,45,8200,200
1788,0,210,8.96,40,350,350
1789,0,210,4.43,40,700,50
1790,0,210,1.71,35,4500,250
1791,0,210,12.45,10,200,50
1792,0,210,8.3,45,600,300
1793,0,210,11.23,20,6000,500
1794,0,210,2.23,35,4800,150
1795,0,210,8.7,20,3450,150
1796,0,210,14.19,25,3900,100
1797,0,210,5.75,35,300,150
1798,0,210,8.09,45,1800,300
1799,0,210,11.78,15,9000,150
1800,0,210,13.85,40,3000,500
1801,0,210,9.34,15,7650,450
1802,0,210,10.12,20,6400,200
1803,0,210,10.68,50,5600,350
1804,0,210,12.51,45,4550,350
1805,0,210,1.86,30,1000,500
1806,0,210,2.14,50,1200,400
1807,0,210,5.15,35,300,300
1808,0,210,8.28,30,450,150
1809,0,210,7.91,45,5850,450
1810,0,210,13.75,20,9500,250
1811,0,210,9.01,50,500,250
1812,0,210,3.47,10,4800,100
1813,0,210,5.26,35,1150,50
1814,0,210,7.26,15,6650,350
1815,0,210,13.7,15,400,400
1816,0,210,4.87,45,1250,250
1817,0,210,12.87,45,3900,300
1818,0,210,10.13,50,3000,500
1819,0,210,13.63,15,7200,50
1820,0,210,6.5,45,850,50
1821,0,210,14.6,15,200,200
1822,0,210,3.6,40,7500,150
1823,0,210,5.32,15,5600,200
1824,0,210,1.81,25,7000,350
1825,0,210,8.56,40,8400,350
1826,0,210,6.25,5,5600,400
1827,0,210,7.69,45,8400,300
1828,0,210,5.34,30,750,150
1829,0,210,13.57,30,4500,450
1830,0,210,8.31,35,3750,250
1831,0,210,2.35,45,5400,450
1832,0,210,9.35,45,4150,50
1833,0,210,12.32,5,3000,500
1834,0,210,6.46,20,1350,450
1835,0,210,2.89,50,2100,300
1836,0,210,3.85,40,4800,400
1837,0,210,13.62,50,4300,50
1838,0,210,10.72,40,400,400
1839,0,210,3.68,20,3300,300
1840,0,210,12.75,5,5400,300
1841,0,210,10.86,35,8050,350
1842,0,210,3.43,5,7200,200
1843,0,210,3.76,25,7500,300
1844,0,210,4.2,20,8100,450
1845,0,210,5.54,40,8250,250
1846,0,210,5.33,25,7600,100
1847,0,210,4.65,50,6500,100
1848,0,210,6.2,30,3150,350
1849,0,210,8.06,10,7200,450
1850,0,210,12.73,5,2250,450
1851,0,210,2.29,35,4400,200
1852,0,210,1.89,10,8250,150
1853,0,210,8.98,35,3000,300
1854,0,210,14.73,35,2100,350
1855,0,210,6.9,35,3500,500
1856,0,210,3.03,5,8000,400
1857,0,210,8.65,35,5500,500
1858,0,210,3.02,50,9900,50
1859,0,210,2.96,35,400,400
1860,0,210,11.24,45,1200,200
1861,0,210,3.76,30,1000,200
1862,0,210,7.86,25,9200,400
1863,0,210,4.58,5,5250,250
1864,0,210,8.87,30,6900,150
1865,0,210,5.23,15,1600,400
1866,0,210,4.98,30,5500,50
1867,0,210,10.58,50,5600,350
1868,0,210,13.16,30,2250,450
1869,0,210,13.12,50,9450,450
1870,0,210,10.7,15,1600,400
1871,0,210,14.39,10,700,350
1872,0,210,11.56,20,5250,350
1873,0,210,9.22,25,6000,400
1874,0,210,7.6,45,600,200
1875,0,210,8.1,40,8900,100
1876,0,210,14.3,40,750,250
1877,0,210,14.82,25,9300,300
1878,0,210,4.24,15,5350,50
1879,0,210,14.52,5,1500,500
1880,0,210,1.61,25,1700,50
1881,0,210,4.09,30,2400,200
1882,0,210,6.48,40,4500,150
1883,0,210,5.21,50,3700,100
1884,0,210,1.7,10,4000,500
1885,0,210,4.12,40,1200,100
1886,0,210,14.92,10,4000,500
1887,0,210,8.53,15,3150,350
1888,0,210,9.4,30,4900,350
1889,0,210,10.1,5,3850,350
1890,0,210,14.84,20,7200,450
1891,0,210,9.34,40,9150,150
1892,0,210,8.61,20,6200,200
1893,0,210,6.14,25,9500,500
1894,0,210,5.87,30,9600,100
1895,0,210,11.49,25,5200,400
1896,0,210,10.79,30,2100,300
1897,0,210,3.79,25,8100,300
1898,0,210,10.53,25,3000,250
1899,0,210,13.59,25,3400,100
1900,0,210,8.38,45,9000,300
1901,0,210,10.57,30,1050,350
1902,0,210,14.61,25,1250,50
1903,0,210,12.57,35,4850,50
1904,0,210,11.65,10,2250,150
1905,0,210,2.88,10,9600,200
1906,0,210,7.85,30,9450,350
1907,0,210,14.95,40,8400,400
1908,0,210,14.09,20,4600,100
1909,0,210,4.28,10,7350,350
1910,0,210,10.51,35,2500,500
1911,0,210,8.49,40,5600,400
1912,0,210,14.19,30,400,400
1913,0,210,6.14,35,9500,500
1914,0,210,11.25,15,6800,400
1915,0,210,8.95,15,7050,50
1916,0,210,6.16,30,1400,200
1917,0,210,7.3,5,6000,300
1918,0,210,12.27,10,2800,400
1919,0,210,13.34,25,3500,350
1920,0,210,13.72,10,2100,150
1921,0,210,3.97,5,2000,500
1922,0,210,12.94,5,9800,200
1923,0,210,14.67,40,5850,450
1924,0,210,11.7,25,1900,50
1925,0,210,4.18,45,8700,100
1926,0,210,6.11,5,1800,450
1927,0,210,4.27,30,2000,200
1928,0,210,12.27,30,7200,200
1929,0,210,5.98,30,9500,500
1930,0,210,7.35,25,4050,450
1931,0,210,8.61,35,4600,100
1932,0,210,11.91,50,3750,50
1933,0,210,13.7,35,8400,200
1934,0,210,2.48,35,5000,500
1935,0,210,5.59,10,2800,200
1936,0,210,8.59,25,7200,300
1937,0,210,4.41,40,5500,250
1938,0,210,8.96,5,2800,350
1939,0,210,10.46,10,4350,150
1940,0,210,14.68,30,2700,450
1941,0,210,13.49,50,400,400
1942,0,210,1.56,5,2450,350
1943,0,210,14.16,30,4500,250
1944,0,210,5.01,15,2800,200
1945,0,210,8.41,30,4250,250
1946,0,210,5.99,10,6350,50
1947,0,210,10.25,5,4050,450
1948,0,210,9.2,35,7500,300
1949,0,210,3.02,10,6000,200
1950,0,210,2.66,20,1500,100
1951,0,210,9.28,45,1350,450
1952,0,210,4.17,35,9300,300
1953,0,210,14.19,35,5500,500
1954,0,210,12.03,15,6000,200
1955,0,210,6.82,5,9750,250
1956,0,210,4.87,30,350,350
1957,0,210,2.4,10,8750,350
1958,0,210,3.52,45,8100,300
1959,0,210,6.33,10,4000,400
1960,0,210,9.17,45,6200,50
1961,0,210,5.61,35,3000,200
1962,0,210,12.99,25,7200,150
1963,0,210,9.24,40,800,400
1964,0,210,6.09,10,3500,350
1965,0,210,14.17,10,2450,350
1966,0,210,2.91,5,5250,250
1967,0,210,5.88,10,4200,150
1968,0,210,13.55,15,9600,200
1969,0,210,12.03,15,3600,450
1970,0,210,11.92,15,9600,400
1971,0,210,14.57,5,1250,250
1972,0,210,3.99,35,7650,450
1973,0,210,1.87,25,2100,300
1974,0,210,6.7,50,9900,150
1975,0,210,13.61,25,1650,150
1976,0,210,8.13,10,6000,250
1977,0,210,7.65,15,8750,350
1978,0,210,9.73,15,4100,100
1979,0,210,2.44,25,100,100
1980,0,210,11.94,50,2100,300
1981,0,210,7.02,20,7800,200
1982,0,210,10.26,35,6500,250
1983,0,210,9.65,45,2250,450
1984,0,210,4.81,25,9100,100
1985,0,210,3.15,20,1100,100
1986,0,210,2.78,50,7700,50
1987,0,210,14.15,30,1500,300
1988,0,210,9.99,20,7500,500
1989,0,210,12.98,15,9800,350
1990,0,210,11.18,25,7700,350
1991,0,210,2.28,15,750,250
1992,0,210,9.64,30,200,200
1993,0,210,5.76,15,8700,150
1994,0,210,10.85,25,7350,350
1995,0,210,5.48,25,5800,100
1996,0,210,14.19,25,3500,500
1997,0,210,14.67,35,8000,200
1998,0,210,12.0,30,4200,350
1999,0,210,3.96,45,3200,200
2000,0,210,12.83,20,8400,300
2001,0,210,9.63,40,8100,450
2002,0,210,13.97,10,7950,150
2003,0,210,13.45,25,7200,450
2004,0,210,14.26,15,2300,50
2005,0,210,10.69,15,2250,450
2006,0,210,12.67,50,400,400
2007,0,210,10.85,20,5350,50
2008,0,210,9.13,5,7100,50
2009,0,210,3.16,15,3600,200
2010,0,210,14.11,45,2100,150
2011,0,210,2.53,30,500,500
2012,0,210,9.17,25,7000,500
2013,0,210,12.27,10,6200,100
2014,0,210,6.49,25,6900,300
2015,0,210,12.57,15,900,450
2016,0,210,8.06,15,9000,450
2017,0,210,6.64,45,3900,150
2018,0,210,5.83,25,2250,50
2019,0,210,11.06,35,500,250
2020,0,210,5.52,15,6000,500
2021,0,210,1.67,35,2750,250
2022,0,210,6.34,45,5100,150
2023,0,210,5.41,15,2700,300
2024,0,210,7.04,25,5700,100
2025,0,210,5.32,5,8550,450
2026,0,210,4.17,10,7000,500
2027,0,210,4.18,40,6500,250
2028,0,210,5.9,5,4500,100
2029,0,210,1.83,50,2500,250
2030,0,210,6.9,20,1950,150
2031,0,210,8.92,45,7000,350
2032,0,210,8.35,45,1800,450
2033,0,210,7.28,15,8100,450
2034,0,210,8.52,50,6500,250
2035,0,210,13.58,30,6500,500
2036,0,210,14.04,45,900,450
2037,0,210,14.57,5,6000,500
2038,0,210,4.1,5,9500,250
2039,0,210,4.85,30,1000,500
2040,0,210,12.57,10,5400,50
2041,0,210,10.28,20,4400,200
2042,0,210,10.36,15,4950,450
2043,0,210,10.64,50,5850,450
2044,0,210,2.88,20,7300,100
2045,0,210,2.49,30,4400,400
2046,0,210,4.57,30,6250,250
2047,0,210,14.46,5,400,400
2048,0,210,1.73,25,9200,50
2049,0,210,12.37,50,8600,50
2050,0,210,4.29,35,1200,300
2051,0,210,12.44,30,6750,150
2052,0,210,7.48,25,2500,500
2053,0,210,9.34,35,9000,450
2054,0,210,11.39,10,450,450
2055,0,210,3.73,25,1650,150
2056,0,210,7.0,15,6600,150
2057,0,210,12.46,15,5950,350
2058,0,210,2.53,10,4750,250
2059,0,210,2.11,15,1350,450
2060,0,210,5.37,45,7950,150
2061,0,210,13.8,30,7000,500
2062,0,210,13.27,15,7000,500
2063,0,210,7.92,15,6900,100
2064,0,210,4.18,40,5500,100
2065,0,210,14.22,5,5800,200
2066,0,210,12.25,35,2450,350
2067,0,210,14.66,30,7500,300
2068,0,210,2.68,20,6000,200
2069,0,210,2.51,50,2600,200
2070,0,210,4.01,20,4750,250
2071,0,210,3.03,25,9150,150
2072,0,210,1.5,35,1400,350
2073,0,210,6.41,30,4300,100
2074,0,210,2.79,30,9100,350
2075,0,210,10.04,35,5850,450
2076,0,210,2.22,30,700,350
2077,0,210,6.09,5,2750,50
2078,0,210,5.5,25,800,400
2079,0,210,10.11,10,1850,50
2080,0,210,9.47,45,5400,300
2081,0,210,13.97,25,9100,350
2082,0,210,11.22,20,800,200
2083,0,210,6.2,45,450,450
2084,0,210,1.94,40,9500,500
2085,0,210,3.48,15,350,50
2086,0,210,12.88,45,10000,400
2087,0,210,13.96,40,900,450
2088,0,210,13.91,15,3150,450
2089,0,210,4.15,50,6000,400
2090,0,210,8.35,35,7400,200
2091,0,210,12.93,30,2250,250
2092,0,210,10.16,25,1500,500
2093,0,210,5.19,5,4400,400
2094,0,210,10.8,10,5400,200
2095,0,210,6.71,25,7900,100
2096,0,210,6.46,45,6300,350
2097,0,210,11.86,10,9200,100
2098,0,210,11.01,25,2900,100
2099,0,210,9.68,50,3600,450
