0,0,210,0.5,5,1000,50
1,0,210,2.44,35,9900,300
2,0,210,2.9,10,8300,100
3,0,210,4.17,40,8050,350
4,0,210,3.63,5,6750,450
5,0,210,3.71,30,4000,400
6,0,210,1.65,15,800,400
7,0,210,3.07,45,5100,300
8,0,210,0.56,15,6250,250
9,0,210,3.62,20,10000,500
10,0,210,3.33,15,4400,400
11,0,210,2.33,25,3150,50
12,0,210,1.56,35,5250,250
13,0,210,4.67,40,1200,200
14,0,210,0.69,45,2000,250
15,0,210,4.53,15,3500,500
16,0,210,3.32,10,1200,150
17,0,210,4.33,20,6000,400
18,0,210,3.6,20,6350,50
19,0,210,0.89,25,4800,300
20,0,210,2.6,45,2800,400
21,0,210,3.54,15,2250,450
22,0,210,0.98,5,1200,300
23,0,210,3.29,50,4900,350
24,0,210,3.4,30,5550,150
25,0,210,2.14,20,3600,100
26,0,210,2.52,5,4650,150
27,0,210,1.35,5,400,200
28,0,210,1.48,10,7800,300
29,0,210,1.32,30,8700,150
30,0,210,4.74,40,6600,50
31,0,210,4.17,10,8000,250
32,0,210,2.31,50,7400,50
33,0,210,2.01,25,8850,150
34,0,210,0.81,15,7800,100
35,0,210,2.61,25,500,250
36,0,210,2.99,20,6800,200
37,0,210,1.34,5,2500,500
38,0,210,4.69,5,3600,450
39,0,210,2.79,40,7000,500
40,0,210,3.1,40,3200,400
41,0,210,3.06,30,4050,450
42,0,210,2.11,50,8000,500
43,0,210,2.63,45,9200,200
44,0,210,1.92,30,3500,100
45,0,210,3.42,40,4200,350
46,0,210,1.34,50,3600,400
47,0,210,3.58,10,8550,150
48,0,210,2.19,35,6000,300
49,0,210,4.6,45,3300,300
50,0,210,1.68,10,4200,100
51,0,210,1.37,25,1600,400
52,0,210,4.66,50,5700,100
53,0,210,3.61,35,1100,50
54,0,210,3.48,25,8100,300
55,0,210,2.99,30,4750,250
56,0,210,4.72,10,7200,400
57,0,210,4.16,45,6000,500
58,0,210,3.15,40,5850,150
59,0,210,4.72,30,10000,500
60,0,210,2.35,45,800,400
61,0,210,4.11,50,8550,150
62,0,210,2.8,25,2400,200
63,0,210,0.79,50,6600,300
64,0,210,0.56,50,7200,450
65,0,210,1.26,30,4600,200
66,0,210,4.94,10,9750,250
67,0,210,2.67,10,5600,200
68,0,210,3.74,5,5200,400
69,0,210,1.82,30,1600,400
70,0,210,3.63,50,4050,450
71,0,210,3.5,50,1050,350
72,0,210,4.46,20,4500,300
73,0,210,2.21,40,3000,500
74,0,210,1.35,5,5400,300
75,0,210,2.54,35,600,300
76,0,210,1.64,35,7200,450
77,0,210,4.96,10,3500,500
78,0,210,4.26,5,1750,250
79,0,210,1.93,30,8900,50
80,0,210,2.79,25,1200,100
81,0,210,3.56,35,1500,50
82,0,210,2.67,35,2400,300
83,0,210,4.83,15,4000,100
84,0,210,3.48,40,1000,250
85,0,210,1.33,10,1050,350
86,0,210,1.94,30,9250,250
87,0,210,3.9,20,9200,400
88,0,210,4.95,25,4550,350
89,0,210,3.73,45,7700,350
90,0,210,2.51,30,7200,450
91,0,210,2.73,10,8800,200
92,0,210,4.49,30,3000,300
93,0,210,4.26,50,900,450
94,0,210,3.47,30,9900,450
95,0,210,0.51,20,9100,350
96,0,210,1.36,15,100,100
97,0,210,2.22,35,7700,100
98,0,210,4.69,50,6500,500
99,0,210,0.74,15,3000,150
100,0,210,2.56,35,2100,150
101,0,210,0.61,45,6000,400
102,0,210,0.96,5,3300,150
103,0,210,1.11,25,6000,500
104,0,210,3.6,5,7800,300
105,0,210,4.41,50,2250,150
106,0,210,1.79,40,8500,100
107,0,210,2.94,10,2100,50
108,0,210,0.66,50,800,400
109,0,210,3.42,45,8250,150
110,0,210,2.64,20,7350,350
111,0,210,1.82,25,500,500
112,0,210,4.69,40,9300,300
113,0,210,0.55,25,2800,400
114,0,210,4.33,15,2800,350
115,0,210,2.3,45,5200,400
116,0,210,1.43,20,400,400
117,0,210,2.17,10,1400,200
118,0,210,1.88,20,8400,300
119,0,210,4.73,25,2400,400
120,0,210,3.43,15,9700,100
121,0,210,4.35,15,1500,150
122,0,210,3.55,50,5100,150
123,0,210,2.72,35,900,450
124,0,210,2.86,25,7600,400
125,0,210,4.21,25,6750,50
126,0,210,1.27,35,8500,500
127,0,210,2.21,15,4100,100
128,0,210,2.95,30,9500,100
129,0,210,2.68,50,4400,400
130,0,210,2.81,15,2000,200
131,0,210,1.64,25,800,400
132,0,210,4.14,45,3350,50
133,0,210,0.79,50,2800,350
134,0,210,1.84,50,1250,250
135,0,210,2.83,45,6000,500
136,0,210,1.35,15,1200,50
137,0,210,0.94,15,3950,50
138,0,210,0.68,15,2250,150
139,0,210,0.79,45,9250,250
140,0,210,3.57,50,6500,250
141,0,210,1.68,10,4400,200
142,0,210,2.46,25,2500,250
143,0,210,4.42,25,5250,150
144,0,210,1.43,25,7500,250
145,0,210,1.97,25,9100,350
146,0,210,2.04,10,4600,200
147,0,210,4.54,35,500,500
148,0,210,2.17,5,5600,350
149,0,210,3.45,30,8050,350
150,0,210,4.77,50,3600,300
151,0,210,4.27,10,150,150
152,0,210,3.58,15,1000,500
153,0,210,4.18,20,3000,200
154,0,210,3.44,50,6100,50
155,0,210,1.4,25,6000,300
156,0,210,3.84,30,8500,500
157,0,210,3.9,15,7200,450
158,0,210,1.28,30,5000,500
159,0,210,1.42,30,1250,250
160,0,210,4.31,35,7700,50
161,0,210,0.76,30,5550,150
162,0,210,1.96,25,3400,200
163,0,210,0.67,45,5200,100
164,0,210,3.23,20,9750,250
165,0,210,4.07,5,9500,500
166,0,210,0.67,30,5500,500
167,0,210,4.59,20,9200,200
168,0,210,4.88,25,4800,100
169,0,210,2.5,30,8750,350
170,0,210,0.78,35,5950,350
171,0,210,2.64,20,7800,200
172,0,210,1.64,20,3850,350
173,0,210,2.36,50,500,500
174,0,210,4.55,25,9700,100
175,0,210,0.75,10,4200,350
176,0,210,3.04,35,5400,200
177,0,210,3.26,35,3700,50
178,0,210,2.35,25,4200,300
179,0,210,1.49,15,9400,200
180,0,210,1.63,10,8500,250
181,0,210,3.38,5,3700,50
182,0,210,3.5,20,4800,400
183,0,210,1.29,35,7000,500
184,0,210,3.94,30,1350,450
185,0,210,0.59,45,9900,150
186,0,210,2.66,10,5600,350
187,0,210,2.78,35,9600,400
188,0,210,2.7,30,3200,200
189,0,210,0.76,25,700,350
190,0,210,1.17,20,350,350
191,0,210,3.83,25,2700,450
192,0,210,0.64,45,5750,50
193,0,210,3.86,40,8100,300
194,0,210,4.67,40,8400,50
195,0,210,1.56,10,1250,250
196,0,210,2.6,45,6750,450
197,0,210,1.75,25,5600,350
198,0,210,3.49,50,800,400
199,0,210,4.65,20,9000,200
200,0,210,0.7,30,9600,400
201,0,210,3.22,20,4800,150
202,0,210,1.37,10,4400,400
203,0,210,2.11,30,5400,50
204,0,210,4.3,5,10000,400
205,0,210,3.33,25,8200,200
206,0,210,4.51,20,1750,250
207,0,210,3.27,45,3600,300
208,0,210,4.52,10,7650,450
209,0,210,2.44,10,9200,400
210,0,210,4.9,25,4200,350
211,0,210,2.84,45,4900,350
212,0,210,1.57,5,1350,450
213,0,210,1.0,5,7200,150
214,0,210,4.94,20,4900,350
215,0,210,3.6,10,6300,300
216,0,210,2.65,15,1950,50
217,0,210,3.6,30,3500,350
218,0,210,4.89,30,8800,400
219,0,210,4.74,50,2600,200
220,0,210,1.64,5,1250,250
221,0,210,3.19,40,6500,500
222,0,210,4.67,50,1750,250
223,0,210,2.76,30,3000,100
224,0,210,1.35,45,3300,300
225,0,210,1.72,40,4250,250
226,0,210,4.34,5,7650,450
227,0,210,3.04,5,2000,250
228,0,210,4.07,5,4400,400
229,0,210,1.76,45,2100,150
230,0,210,1.07,40,1800,200
231,0,210,3.51,10,3200,100
232,0,210,4.19,10,7250,250
233,0,210,3.16,10,8400,400
234,0,210,2.7,35,4550,350
235,0,210,2.43,20,150,150
236,0,210,3.14,25,9500,100
237,0,210,2.17,15,5200,400
238,0,210,1.82,30,2700,450
239,0,210,0.82,30,8100,50
240,0,210,3.84,45,1750,250
241,0,210,4.56,10,9000,450
242,0,210,2.48,50,4200,100
243,0,210,1.95,40,3200,400
244,0,210,4.99,10,4800,300
245,0,210,0.75,30,4400,400
246,0,210,2.87,25,1500,250
247,0,210,1.03,5,2400,150
248,0,210,1.93,35,9500,500
249,0,210,4.42,40,6800,200
250,0,210,3.6,30,8900,50
251,0,210,3.45,40,3000,250
252,0,210,0.77,10,4600,200
253,0,210,3.62,50,1800,450
254,0,210,3.56,20,2100,350
255,0,210,1.69,40,8800,400
256,0,210,3.1,45,8800,200
257,0,210,2.33,5,400,400
258,0,210,3.28,5,1950,150
259,0,210,3.26,50,9000,300
260,0,210,3.98,40,9000,500
261,0,210,1.66,5,1750,350
262,0,210,4.87,5,350,350
263,0,210,3.94,20,4250,250
264,0,210,1.06,25,1400,350
265,0,210,3.8,20,2450,350
266,0,210,1.56,25,350,350
267,0,210,2.89,35,1100,100
268,0,210,3.41,5,4650,50
269,0,210,0.74,25,2500,500
270,0,210,4.23,5,5750,250
271,0,210,3.62,5,9300,300
272,0,210,1.95,30,9450,450
273,0,210,3.72,50,6500,500
274,0,210,3.52,35,800,200
275,0,210,2.9,50,3500,500
276,0,210,2.71,50,1750,250
277,0,210,3.42,20,6900,150
278,0,210,0.53,15,3400,200
279,0,210,1.43,25,9250,250
280,0,210,3.63,15,6000,500
281,0,210,2.45,10,6400,200
282,0,210,4.52,5,450,50
283,0,210,2.46,5,4000,500
284,0,210,2.62,15,8050,50
285,0,210,0.93,45,3250,250
286,0,210,4.72,5,9000,500
287,0,210,0.73,45,9000,250
288,0,210,3.26,25,9500,500
289,0,210,0.54,50,9150,50
290,0,210,3.65,50,5750,250
291,0,210,4.36,25,3000,500
292,0,210,2.24,50,200,50
293,0,210,2.1,5,8700,300
294,0,210,2.02,50,6000,400
295,0,210,1.99,5,9200,200
296,0,210,1.39,25,7000,200
297,0,210,3.56,5,9500,500
298,0,210,4.74,30,7700,100
299,0,210,3.37,40,8200,100
300,0,210,1.52,50,4900,350
301,0,210,0.6,40,3600,450
302,0,210,0.82,35,6450,150
303,0,210,2.81,50,5250,150
304,0,210,2.77,35,5700,300
305,0,210,1.09,5,5450,50
306,0,210,0.57,40,7500,100
307,0,210,2.51,40,9000,300
308,0,210,4.82,40,3400,200
309,0,210,1.67,50,3600,300
310,0,210,1.6,10,3900,300
311,0,210,3.67,40,9400,100
312,0,210,4.66,40,900,50
313,0,210,0.74,25,1750,250
314,0,210,3.12,35,6000,300
315,0,210,3.62,25,3850,50
316,0,210,3.1,5,8400,300
317,0,210,0.52,5,6150,150
318,0,210,3.07,15,7000,500
319,0,210,1.16,20,4200,100
320,0,210,4.42,30,400,200
321,0,210,4.96,10,8800,400
322,0,210,3.0,50,4550,350
323,0,210,3.43,40,1200,200
324,0,210,2.26,20,4200,100
325,0,210,2.37,50,8400,400
326,0,210,4.88,10,6800,400
327,0,210,4.98,45,9700,50
328,0,210,3.6,45,9300,150
329,0,210,2.29,5,7700,350
330,0,210,2.02,5,8750,250
331,0,210,4.34,50,2250,250
332,0,210,3.06,5,7000,350
333,0,210,3.09,10,8400,350
334,0,210,2.52,30,400,200
335,0,210,1.93,25,2250,450
336,0,210,4.2,50,10000,500
337,0,210,4.88,35,250,250
338,0,210,1.81,25,4600,200
339,0,210,3.77,35,6250,50
340,0,210,4.71,25,1500,300
341,0,210,2.51,25,9700,50
342,0,210,1.21,15,8600,100
343,0,210,2.15,10,6000,150
344,0,210,1.57,5,9500,100
345,0,210,1.55,10,4650,150
346,0,210,2.62,10,8000,250
347,0,210,2.63,15,8800,200
348,0,210,0.58,20,5500,250
349,0,210,0.76,10,5400,450
350,0,210,4.12,25,4500,500
351,0,210,0.9,45,7800,300
352,0,210,0.92,30,7200,400
353,0,210,2.02,5,1500,250
354,0,210,3.29,45,5600,200
355,0,210,1.52,10,1500,250
356,0,210,2.02,50,1050,50
357,0,210,4.85,20,7900,50
358,0,210,1.48,45,9250,250
359,0,210,4.5,10,2500,250
360,0,210,3.46,45,6000,100
361,0,210,1.25,20,5500,500
362,0,210,2.21,45,8550,50
363,0,210,2.37,35,5100,300
364,0,210,4.75,5,6000,100
365,0,210,4.77,5,9900,450
366,0,210,1.53,30,3000,250
367,0,210,3.39,35,2800,350
368,0,210,2.62,50,4200,350
369,0,210,3.36,25,5200,400
370,0,210,4.05,30,8750,350
371,0,210,2.39,40,5000,200
372,0,210,1.54,15,8000,500
373,0,210,4.84,45,6650,350
374,0,210,3.93,35,6500,500
375,0,210,4.78,5,1750,250
376,0,210,3.99,50,3150,350
377,0,210,1.8,30,450,450
378,0,210,0.52,50,7800,200
379,0,210,2.53,15,9200,50
380,0,210,4.81,35,1000,250
381,0,210,2.04,40,4500,150
382,0,210,1.43,15,7600,400
383,0,210,3.5,5,4800,400
384,0,210,1.31,25,2400,150
385,0,210,0.97,30,6000,200
386,0,210,1.81,10,8100,300
387,0,210,3.62,40,8400,300
388,0,210,3.01,40,6500,500
389,0,210,1.55,30,6250,250
390,0,210,0.54,10,7600,400
391,0,210,3.43,20,8250,250
392,0,210,3.08,30,4950,150
393,0,210,3.14,25,7050,50
394,0,210,1.6,5,7750,250
395,0,210,3.57,30,9000,300
396,0,210,3.52,35,3300,300
397,0,210,1.94,30,4100,100
398,0,210,2.9,20,900,450
399,0,210,4.02,30,7350,350
400,0,210,1.87,45,5100,150
401,0,210,0.86,50,4400,200
402,0,210,1.74,30,4200,200
403,0,210,4.8,25,8200,200
404,0,210,4.79,5,3600,150
405,0,210,3.91,35,3050,50
406,0,210,1.28,15,9600,100
407,0,210,1.5,35,8400,200
408,0,210,3.15,45,9000,50
409,0,210,2.08,40,5500,500
410,0,210,2.07,5,6250,250
411,0,210,4.69,10,2100,350
412,0,210,0.97,15,9500,500
413,0,210,2.2,30,6300,450
414,0,210,3.66,10,6750,450
415,0,210,4.68,5,2700,450
416,0,210,1.34,15,8350,50
417,0,210,2.33,10,6000,400
418,0,210,4.78,10,3400,200
419,0,210,0.71,30,6500,250
420,0,210,1.27,45,100,50
421,0,210,1.1,35,3300,300
422,0,210,4.49,50,3600,200
423,0,210,2.39,45,2800,200
424,0,210,1.94,20,6000,250
425,0,210,3.09,40,5400,300
426,0,210,2.01,35,10000,100
427,0,210,1.18,25,8100,300
428,0,210,0.91,50,8400,350
429,0,210,4.15,45,2700,300
430,0,210,1.99,45,1500,300
431,0,210,4.04,30,2550,50
432,0,210,4.28,10,3000,100
433,0,210,4.25,45,3600,300
434,0,210,4.97,40,1750,350
435,0,210,1.14,35,2800,200
436,0,210,2.68,15,1000,200
437,0,210,4.85,10,3500,500
438,0,210,3.2,45,3200,200
439,0,210,4.77,20,7800,150
440,0,210,3.38,50,1500,100
441,0,210,2.17,50,1000,500
442,0,210,2.25,35,4000,250
443,0,210,4.29,5,400,100
444,0,210,3.62,10,7250,250
445,0,210,1.11,45,2000,500
446,0,210,3.0,5,7350,350
447,0,210,1.29,20,900,450
448,0,210,2.04,40,5900,100
449,0,210,2.44,50,9800,350
450,0,210,4.77,45,4200,150
451,0,210,1.21,15,7200,450
452,0,210,0.89,10,8000,400
453,0,210,1.75,30,1200,300
454,0,210,4.94,15,8500,500
455,0,210,4.31,15,7000,500
456,0,210,1.37,40,9100,350
457,0,210,2.16,25,500,500
458,0,210,1.75,35,4500,450
459,0,210,2.51,5,7200,450
460,0,210,3.17,10,8400,350
461,0,210,2.68,45,300,300
462,0,210,2.49,40,2500,250
463,0,210,2.57,10,3300,100
464,0,210,1.64,10,1800,450
465,0,210,4.95,45,7500,250
466,0,210,3.42,10,8400,350
467,0,210,1.24,20,8800,400
468,0,210,2.76,45,1200,150
469,0,210,4.63,20,8700,100
470,0,210,2.09,10,5250,350
471,0,210,4.57,25,1800,300
472,0,210,4.13,40,900,450
473,0,210,1.04,30,9500,50
474,0,210,3.84,35,500,250
475,0,210,3.89,45,2550,150
476,0,210,2.78,20,4300,50
477,0,210,0.6,5,2700,300
478,0,210,2.24,45,2500,500
479,0,210,4.83,30,1000,500
480,0,210,0.61,5,4500,500
481,0,210,2.44,30,1850,50
482,0,210,3.25,5,5300,100
483,0,210,4.01,40,800,200
484,0,210,4.98,45,300,300
485,0,210,4.84,20,3000,500
486,0,210,0.71,25,9600,150
487,0,210,0.84,45,5000,100
488,0,210,4.53,35,7200,200
489,0,210,2.82,45,950,50
490,0,210,4.64,50,4500,500
491,0,210,1.93,25,500,250
492,0,210,3.17,10,7500,500
493,0,210,2.05,45,5800,200
494,0,210,2.89,30,2400,300
495,0,210,2.13,25,900,300
496,0,210,2.24,45,8550,450
497,0,210,1.46,45,1800,100
498,0,210,2.46,20,9600,100
499,0,210,3.15,15,9300,50
500,0,210,4.85,20,5850,150
501,0,210,1.11,45,7200,200
502,0,210,4.32,30,7200,200
503,0,210,4.42,20,1000,100
504,0,210,4.41,5,2450,350
505,0,210,1.32,25,7600,400
506,0,210,3.84,20,4500,250
507,0,210,4.35,45,3150,350
508,0,210,4.36,25,2500,500
509,0,210,4.5,35,8050,350
510,0,210,1.22,25,8600,200
511,0,210,0.96,20,7200,300
512,0,210,4.0,35,1700,50
513,0,210,3.79,15,1800,450
514,0,210,1.55,10,3500,500
515,0,210,2.95,40,6750,450
516,0,210,2.19,10,2250,450
517,0,210,1.35,30,3500,500
518,0,210,2.29,30,4900,350
519,0,210,3.96,20,7500,250
520,0,210,2.93,35,3150,450
521,0,210,4.5,35,3200,400
522,0,210,2.02,25,6500,250
523,0,210,3.43,40,5200,200
524,0,210,2.98,35,7500,300
525,0,210,2.03,30,2500,100
526,0,210,1.01,50,9800,200
527,0,210,4.12,20,4000,200
528,0,210,3.82,20,4900,350
529,0,210,3.8,35,2400,300
530,0,210,0.55,10,6000,400
531,0,210,2.15,20,1500,150
532,0,210,1.07,45,6500,250
533,0,210,2.0,5,3250,250
534,0,210,3.15,20,3500,250
535,0,210,3.33,25,6600,50
536,0,210,2.87,30,9900,450
537,0,210,4.82,50,3500,250
538,0,210,2.52,30,4500,300
539,0,210,4.87,15,3000,500
540,0,210,3.16,50,6300,450
541,0,210,0.65,50,7000,350
542,0,210,1.36,50,8900,100
543,0,210,3.48,10,5450,50
544,0,210,1.91,20,5100,50
545,0,210,3.73,45,4000,500
546,0,210,0.9,25,6750,150
547,0,210,4.84,40,1950,150
548,0,210,2.71,10,3500,250
549,0,210,3.36,40,9200,200
550,0,210,4.9,25,8400,400
551,0,210,0.88,5,8250,250
552,0,210,3.47,10,650,50
553,0,210,3.54,30,9950,50
554,0,210,4.23,10,3200,400
555,0,210,2.57,20,8400,400
556,0,210,4.81,10,8050,350
557,0,210,2.14,15,7350,350
558,0,210,3.0,30,4500,100
559,0,210,4.35,30,8600,200
560,0,210,2.6,45,6000,300
561,0,210,2.06,15,5600,400
562,0,210,2.78,20,5850,450
563,0,210,4.2,50,5550,150
564,0,210,2.79,50,4500,150
565,0,210,2.4,5,7200,150
566,0,210,1.33,50,1700,100
567,0,210,4.85,5,9000,450
568,0,210,2.24,25,1200,150
569,0,210,3.54,25,8700,150
570,0,210,3.41,35,8500,500
571,0,210,2.99,45,8500,500
572,0,210,0.94,10,2000,400
573,0,210,1.36,15,7400,50
574,0,210,1.14,35,2250,150
575,0,210,4.82,15,4050,450
576,0,210,2.71,35,350,350
577,0,210,4.31,35,8100,450
578,0,210,2.42,40,6000,300
579,0,210,2.43,5,2500,500
580,0,210,2.27,10,200,100
581,0,210,3.59,40,7800,150
582,0,210,1.91,40,3150,450
583,0,210,3.61,35,6200,50
584,0,210,1.35,5,5950,350
585,0,210,2.19,20,3900,150
586,0,210,4.59,50,100,50
587,0,210,4.49,35,8000,250
588,0,210,2.03,50,5400,450
589,0,210,1.61,20,1750,350
590,0,210,0.79,30,6800,400
591,0,210,2.03,25,7400,50
592,0,210,2.29,5,200,100
593,0,210,2.39,40,6800,100
594,0,210,2.91,10,4400,400
595,0,210,3.49,40,5200,200
596,0,210,4.72,35,1600,100
597,0,210,2.74,35,7200,300
598,0,210,2.03,10,2250,150
599,0,210,3.55,35,8100,150
600,0,210,4.86,35,1800,450
601,0,210,2.14,50,7700,350
602,0,210,4.3,20,3150,450
603,0,210,3.6,45,1500,500
604,0,210,1.83,5,8700,150
605,0,210,2.94,40,6000,400
606,0,210,0.6,40,2550,150
607,0,210,3.08,20,2750,250
608,0,210,2.04,10,900,100
609,0,210,3.39,40,200,200
610,0,210,2.57,45,3500,500
611,0,210,1.46,5,2200,200
612,0,210,4.64,25,2250,450
613,0,210,2.34,25,9250,250
614,0,210,2.91,20,9800,200
615,0,210,3.9,20,5850,450
616,0,210,2.64,50,6000,150
617,0,210,4.16,10,3900,300
618,0,210,1.96,40,8100,450
619,0,210,1.41,5,3250,250
620,0,210,1.69,5,4100,100
621,0,210,3.94,10,10000,250
622,0,210,3.68,30,7000,500
623,0,210,4.27,10,1000,200
624,0,210,0.56,45,450,450
625,0,210,4.47,10,3600,400
626,0,210,1.28,5,3000,200
627,0,210,4.89,50,7500,500
628,0,210,2.82,40,9200,400
629,0,210,4.35,20,6600,150
630,0,210,4.38,5,9500,500
631,0,210,3.03,25,3900,300
632,0,210,3.65,40,2400,400
633,0,210,4.47,20,7400,50
634,0,210,1.71,45,4500,250
635,0,210,0.89,20,800,400
636,0,210,3.4,25,9000,500
637,0,210,3.67,35,8500,500
638,0,210,1.39,35,9800,350
639,0,210,1.99,20,4550,350
640,0,210,0.74,10,750,250
641,0,210,3.63,25,350,350
642,0,210,2.25,10,2400,400
643,0,210,2.6,5,3450,150
644,0,210,3.63,20,4500,300
645,0,210,3.06,15,3700,100
646,0,210,2.2,25,7750,250
647,0,210,4.81,10,4400,200
648,0,210,1.77,15,9000,500
649,0,210,1.08,15,7250,250
650,0,210,0.7,20,1600,200
651,0,210,4.16,25,4400,400
652,0,210,2.0,25,5850,450
653,0,210,3.36,10,1950,150
654,0,210,2.24,50,6800,400
655,0,210,3.55,35,6300,450
656,0,210,2.56,10,1900,100
657,0,210,1.57,40,2700,450
658,0,210,4.9,35,600,300
659,0,210,1.52,10,2700,450
660,0,210,3.36,30,7700,350
661,0,210,4.9,10,6300,100
662,0,210,3.42,20,9000,450
663,0,210,2.4,5,5600,50
664,0,210,4.65,15,600,300
665,0,210,4.57,25,7500,150
666,0,210,4.45,45,8850,50
667,0,210,0.91,5,9800,350
668,0,210,1.11,5,6200,100
669,0,210,3.85,5,9850,50
670,0,210,2.18,50,9200,100
671,0,210,1.95,25,4000,500
672,0,210,4.9,15,1200,400
673,0,210,3.49,5,4200,200
674,0,210,2.18,35,9000,300
675,0,210,1.5,50,7800,200
676,0,210,1.06,15,7200,300
677,0,210,3.29,20,4350,150
678,0,210,1.22,30,3600,200
679,0,210,2.64,10,5700,300
680,0,210,4.02,50,3200,400
681,0,210,3.99,45,9200,400
682,0,210,1.67,30,9600,150
683,0,210,1.63,35,1500,500
684,0,210,1.31,30,9800,350
685,0,210,2.84,15,1000,500
686,0,210,4.41,40,7650,150
687,0,210,4.78,35,8100,300
688,0,210,2.91,25,5400,150
689,0,210,2.96,35,850,50
690,0,210,4.9,40,3000,500
691,0,210,1.68,5,4800,400
692,0,210,4.87,35,10000,500
693,0,210,2.94,10,3000,200
694,0,210,3.68,40,1350,450
695,0,210,0.8,45,2800,400
696,0,210,4.5,40,450,450
697,0,210,4.63,40,1000,500
698,0,210,2.07,40,1100,100
699,0,210,3.53,10,9450,150
700,0,210,1.86,20,7600,100
701,0,210,1.25,10,4400,400
702,0,210,3.23,15,2100,350
703,0,210,4.49,10,7600,200
704,0,210,3.3,25,3000,500
705,0,210,1.73,10,3150,350
706,0,210,3.02,20,1350,150
707,0,210,2.26,45,4000,500
708,0,210,2.32,35,5850,450
709,0,210,3.7,25,4950,450
710,0,210,4.17,35,2700,100
711,0,210,4.97,15,7000,500
712,0,210,2.99,35,9600,200
713,0,210,2.88,30,2000,500
714,0,210,2.23,20,6300,450
715,0,210,1.31,30,6500,50
716,0,210,2.65,15,2800,400
717,0,210,0.58,45,3300,100
718,0,210,3.89,25,3000,500
719,0,210,2.75,35,7950,150
720,0,210,3.71,25,4400,400
721,0,210,2.52,25,6250,250
722,0,210,3.53,30,1600,50
723,0,210,1.89,5,1350,450
724,0,210,2.7,25,6450,150
725,0,210,2.37,45,700,350
726,0,210,1.11,35,10000,250
727,0,210,1.88,15,3250,250
728,0,210,3.93,10,1200,300
729,0,210,1.54,35,2250,150
730,0,210,0.87,5,5500,500
731,0,210,2.48,30,5600,400
732,0,210,1.44,30,2000,100
733,0,210,4.65,45,4700,50
734,0,210,1.88,15,4500,150
735,0,210,3.28,15,4800,300
736,0,210,3.48,5,5100,100
737,0,210,1.92,5,3500,350
738,0,210,0.76,45,8550,50
739,0,210,3.94,35,10000,100
740,0,210,2.84,40,9750,50
741,0,210,3.57,20,900,450
742,0,210,4.38,5,8550,450
743,0,210,3.68,40,800,100
744,0,210,3.17,35,150,50
745,0,210,2.66,10,5900,100
746,0,210,0.75,25,8550,450
747,0,210,2.24,20,2800,400
748,0,210,4.73,20,8400,200
749,0,210,3.54,5,1200,300
750,0,210,2.76,10,5200,200
751,0,210,4.65,50,4600,200
752,0,210,1.04,35,6000,500
753,0,210,1.15,20,6300,350
754,0,210,0.69,25,7000,500
755,0,210,4.87,45,2800,200
756,0,210,2.47,40,9000,500
757,0,210,3.49,25,8600,50
758,0,210,1.1,25,300,300
759,0,210,4.82,40,6100,50
760,0,210,3.28,25,9000,500
761,0,210,4.86,30,500,100
762,0,210,1.43,50,5850,50
763,0,210,3.29,50,9450,450
764,0,210,2.56,35,1200,50
765,0,210,2.31,10,3100,100
766,0,210,1.52,45,9000,100
767,0,210,2.15,30,6300,350
768,0,210,4.69,5,5550,150
769,0,210,3.44,30,6900,300
770,0,210,4.8,20,2400,200
771,0,210,0.56,50,2100,350
772,0,210,1.55,20,4750,250
773,0,210,0.8,5,9600,300
774,0,210,2.43,25,2750,250
775,0,210,1.87,30,4000,50
776,0,210,1.87,50,7650,150
777,0,210,0.66,5,10000,200
778,0,210,1.12,30,9450,350
779,0,210,4.1,15,3200,400
780,0,210,1.89,15,8750,250
781,0,210,4.91,50,9450,150
782,0,210,2.37,35,8100,100
783,0,210,3.07,20,3900,300
784,0,210,2.95,25,1350,150
785,0,210,2.31,50,9000,250
786,0,210,2.89,40,4000,400
787,0,210,1.58,30,3150,450
788,0,210,2.08,5,8100,450
789,0,210,2.93,50,4200,200
790,0,210,4.98,15,1800,200
791,0,210,4.33,45,9350,50
792,0,210,2.47,45,6600,200
793,0,210,0.82,10,6200,50
794,0,210,3.05,15,5400,450
795,0,210,0.84,20,9250,250
796,0,210,1.35,25,9100,350
797,0,210,2.46,50,500,250
798,0,210,2.61,45,3500,500
799,0,210,1.57,30,5950,350
800,0,210,2.4,35,1200,200
801,0,210,1.46,5,150,50
802,0,210,1.92,50,5600,100
803,0,210,3.59,25,5000,500
804,0,210,0.95,45,400,400
805,0,210,0.91,40,9450,450
806,0,210,1.56,40,4000,400
807,0,210,4.96,45,8250,150
808,0,210,2.78,15,6600,300
809,0,210,4.66,40,400,400
810,0,210,3.73,35,4800,150
811,0,210,2.62,35,2400,400
812,0,210,2.14,30,2700,100
813,0,210,2.12,20,7650,150
814,0,210,3.42,25,6400,200
815,0,210,2.99,45,9200,200
816,0,210,2.47,15,5100,50
817,0,210,3.02,40,2800,50
818,0,210,0.8,30,6300,150
819,0,210,2.64,25,450,450
820,0,210,0.74,15,5400,300
821,0,210,2.7,10,400,400
822,0,210,1.05,10,6800,400
823,0,210,4.13,45,900,450
824,0,210,1.05,40,2000,200
825,0,210,1.86,35,3200,100
826,0,210,3.82,50,6150,50
827,0,210,1.85,40,8550,150
828,0,210,0.83,35,2800,400
829,0,210,1.86,15,7000,500
830,0,210,2.7,25,1000,500
831,0,210,3.17,30,8750,350
832,0,210,1.81,35,7000,200
833,0,210,4.95,30,5850,150
834,0,210,1.27,25,3750,250
835,0,210,1.49,40,750,150
836,0,210,2.58,45,2000,400
837,0,210,3.52,50,800,100
838,0,210,3.21,15,700,350
839,0,210,2.62,40,150,150
840,0,210,2.4,45,1800,450
841,0,210,1.34,20,10000,400
842,0,210,0.96,15,5800,50
843,0,210,3.1,10,6000,200
844,0,210,4.68,10,6750,450
845,0,210,1.35,35,9000,250
846,0,210,1.4,20,4800,400
847,0,210,3.79,40,900,450
848,0,210,4.59,15,5950,350
849,0,210,2.83,25,6450,150
850,0,210,0.69,35,3600,100
851,0,210,2.43,30,5000,250
852,0,210,3.44,50,2400,150
853,0,210,1.17,15,6500,100
854,0,210,0.52,10,700,350
855,0,210,3.47,25,7350,350
856,0,210,2.64,40,100,50
857,0,210,1.56,25,7950,150
858,0,210,0.57,35,300,100
859,0,210,2.38,30,7100,100
860,0,210,1.96,30,500,500
861,0,210,3.74,45,1750,250
862,0,210,0.87,40,300,150
863,0,210,0.71,20,2700,450
864,0,210,4.34,5,7500,250
865,0,210,0.7,30,1350,450
866,0,210,2.9,25,3300,300
867,0,210,4.64,10,1750,250
868,0,210,2.49,50,8700,100
869,0,210,2.37,5,5250,150
870,0,210,2.52,40,8000,500
871,0,210,4.79,20,50,50
872,0,210,3.61,40,9750,250
873,0,210,1.33,40,1350,450
874,0,210,4.21,20,8000,500
875,0,210,2.47,15,150,150
876,0,210,4.33,10,5250,350
877,0,210,4.02,25,900,150
878,0,210,4.65,50,8500,500
879,0,210,3.76,30,5600,350
880,0,210,3.79,40,6000,250
881,0,210,3.87,40,8650,50
882,0,210,1.99,25,2250,450
883,0,210,1.5,5,1600,400
884,0,210,2.94,50,300,300
885,0,210,2.09,25,9100,350
886,0,210,1.58,50,1800,450
887,0,210,1.61,10,6250,250
888,0,210,1.49,25,2000,200
889,0,210,1.69,20,10000,400
890,0,210,2.39,30,9000,500
891,0,210,1.29,50,400,400
892,0,210,3.6,25,3850,350
893,0,210,4.32,30,3000,250
894,0,210,2.32,5,6600,300
895,0,210,2.6,10,6650,350
896,0,210,3.15,20,5200,200
897,0,210,2.79,15,9400,200
898,0,210,2.21,10,3500,250
899,0,210,4.91,5,7400,100
900,0,210,4.8,50,6300,450
901,0,210,3.34,50,5950,350
902,0,210,1.82,25,9600,100
903,0,210,1.18,40,4000,100
904,0,210,2.14,35,9000,250
905,0,210,3.18,45,3500,350
906,0,210,3.4,25,10000,400
907,0,210,2.7,45,2250,450
908,0,210,0.61,5,9100,350
909,0,210,2.27,45,4850,50
910,0,210,2.81,35,3600,100
911,0,210,4.56,5,8600,50
912,0,210,2.01,45,1200,400
913,0,210,1.82,25,9000,500
914,0,210,1.74,25,5600,350
915,0,210,2.13,30,7500,500
916,0,210,2.3,5,9450,50
917,0,210,1.05,30,1050,150
918,0,210,2.84,10,1200,150
919,0,210,2.34,15,4400,100
920,0,210,4.93,40,4800,400
921,0,210,3.22,25,1200,400
922,0,210,3.63,15,2250,50
923,0,210,4.82,30,9450,350
924,0,210,2.52,15,7200,100
925,0,210,1.81,5,7750,250
926,0,210,4.77,35,9600,200
927,0,210,4.91,10,3400,200
928,0,210,1.11,30,1800,150
929,0,210,3.12,15,8200,200
930,0,210,3.52,25,4950,450
931,0,210,2.62,30,6000,300
932,0,210,3.64,30,4550,50
933,0,210,1.89,40,7800,150
934,0,210,1.63,30,7650,450
935,0,210,1.8,15,2100,50
936,0,210,4.55,40,8000,400
937,0,210,2.38,15,4050,450
938,0,210,2.93,15,6250,250
939,0,210,1.87,50,9900,450
940,0,210,2.18,35,7800,300
941,0,210,1.51,25,6200,50
942,0,210,2.85,50,7500,500
943,0,210,2.26,15,2000,400
944,0,210,4.2,30,900,450
945,0,210,3.91,20,6400,400
946,0,210,3.61,15,4500,250
947,0,210,3.81,5,4550,350
948,0,210,1.38,15,1800,300
949,0,210,3.54,50,1500,500
950,0,210,3.34,20,4600,200
951,0,210,4.98,30,7800,300
952,0,210,1.88,35,1800,450
953,0,210,1.76,10,6150,50
954,0,210,1.89,35,300,150
955,0,210,4.01,40,2400,300
956,0,210,2.41,45,7200,400
957,0,210,0.91,50,2200,200
958,0,210,3.05,5,5100,300
959,0,210,4.85,45,6600,200
960,0,210,1.83,10,7600,400
961,0,210,2.86,50,800,200
962,0,210,2.0,10,9300,150
963,0,210,2.03,45,4050,450
964,0,210,1.2,25,8100,450
965,0,210,1.11,25,7250,250
966,0,210,0.67,45,2400,400
967,0,210,0.89,45,9450,450
968,0,210,1.28,15,7200,450
969,0,210,4.81,20,7200,300
970,0,210,3.71,35,4900,350
971,0,210,3.15,35,2400,300
972,0,210,4.37,50,7600,200
973,0,210,2.36,20,4500,500
974,0,210,2.04,25,6750,150
975,0,210,0.85,35,3500,50
976,0,210,4.74,40,8800,100
977,0,210,1.9,25,800,400
978,0,210,4.43,50,5400,100
979,0,210,3.23,50,6650,350
980,0,210,1.3,10,8550,450
981,0,210,2.39,45,5650,50
982,0,210,2.61,35,9000,450
983,0,210,4.37,25,3000,150
984,0,210,3.4,25,2500,250
985,0,210,1.14,10,3000,500
986,0,210,2.52,25,2200,200
987,0,210,1.76,40,1550,50
988,0,210,4.86,40,1800,200
989,0,210,3.83,5,1800,100
990,0,210,2.52,40,5000,500
991,0,210,0.76,15,2800,200
992,0,210,0.62,35,1200,150
993,0,210,3.52,15,6300,300
994,0,210,1.72,40,1800,150
995,0,210,2.39,40,6600,300
996,0,210,3.19,30,7000,350
997,0,210,2.72,35,1800,200
998,0,210,4.85,35,1300,50
999,0,210,3.99,45,5500,500
1000,0,210,2.58,35,7650,150
1001,0,210,4.33,25,6750,450
1002,0,210,3.18,5,8750,350
1003,0,210,1.26,50,9750,250
1004,0,210,2.67,25,2100,150
1005,0,210,0.72,50,3250,250
1006,0,210,1.49,10,10000,500
1007,0,210,3.18,35,200,50
1008,0,210,1.01,25,2000,500
1009,0,210,3.63,40,2100,300
1010,0,210,3.13,30,2750,250
1011,0,210,3.3,5,2250,450
1012,0,210,4.5,15,10000,500
1013,0,210,4.81,10,6750,250
1014,0,210,0.57,25,5700,150
1015,0,210,4.34,30,5250,250
1016,0,210,2.11,25,3150,350
1017,0,210,4.33,35,1800,300
1018,0,210,0.65,35,6600,200
1019,0,210,3.78,5,6750,250
1020,0,210,4.89,20,3150,450
1021,0,210,1.24,45,750,250
1022,0,210,1.13,35,5000,500
1023,0,210,1.16,15,9900,450
1024,0,210,2.55,30,900,150
1025,0,210,2.39,20,8250,150
1026,0,210,2.12,20,8400,400
1027,0,210,2.4,15,7200,150
1028,0,210,0.86,30,5600,350
1029,0,210,2.54,45,800,200
1030,0,210,4.78,20,1000,200
1031,0,210,0.9,15,4500,500
1032,0,210,2.59,20,2700,450
1033,0,210,0.7,40,2800,400
1034,0,210,4.27,15,4600,200
1035,0,210,0.54,25,3000,500
1036,0,210,1.74,35,2950,50
1037,0,210,1.19,15,500,500
1038,0,210,1.61,30,4800,100
1039,0,210,2.01,15,5000,200
1040,0,210,2.36,15,1500,300
1041,0,210,1.5,25,1200,150
1042,0,210,0.78,35,7000,350
1043,0,210,4.12,30,2600,200
1044,0,210,1.18,50,7600,400
1045,0,210,0.85,20,3400,200
1046,0,210,2.13,40,8450,50
1047,0,210,4.3,20,9600,300
1048,0,210,3.75,20,5600,400
1049,0,210,4.5,45,6000,300
1050,0,210,3.64,35,1000,500
1051,0,210,0.63,50,2450,350
1052,0,210,4.41,45,4900,50
1053,0,210,3.82,45,2700,450
1054,0,210,2.91,20,8800,400
1055,0,210,2.18,20,9000,300
1056,0,210,4.38,15,3000,500
1057,0,210,1.58,25,5950,350
1058,0,210,2.54,45,7000,500
1059,0,210,4.71,50,8000,500
1060,0,210,2.51,30,4250,250
1061,0,210,4.01,45,5500,250
1062,0,210,2.76,45,5400,450
1063,0,210,1.7,30,4950,450
1064,0,210,1.78,25,5950,350
1065,0,210,4.1,5,3150,450
1066,0,210,1.91,45,3600,450
1067,0,210,1.39,25,3600,200
1068,0,210,1.89,30,9000,500
1069,0,210,3.63,30,6300,350
1070,0,210,2.15,50,1000,100
1071,0,210,2.52,25,8550,450
1072,0,210,3.13,5,1100,100
1073,0,210,3.94,30,8200,200
1074,0,210,0.59,45,6150,150
1075,0,210,3.03,45,2400,300
1076,0,210,0.85,45,2400,400
1077,0,210,3.96,45,900,450
1078,0,210,3.62,20,4250,250
1079,0,210,3.62,30,1750,250
1080,0,210,4.65,35,7600,200
1081,0,210,3.0,35,1400,100
1082,0,210,4.12,35,2800,200
1083,0,210,3.71,25,350,350
1084,0,210,3.27,10,3500,350
1085,0,210,1.73,35,9200,100
1086,0,210,4.43,45,4000,500
1087,0,210,1.13,10,2800,200
1088,0,210,3.61,50,1750,50
1089,0,210,3.48,5,4500,300
1090,0,210,2.16,45,7000,200
1091,0,210,2.43,30,8050,350
1092,0,210,1.97,25,7350,350
1093,0,210,4.67,40,7800,200
1094,0,210,3.79,20,6650,350
1095,0,210,0.74,40,1050,50
1096,0,210,2.46,25,2600,50
1097,0,210,3.67,15,4800,300
1098,0,210,1.04,25,1600,100
1099,0,210,4.83,40,4500,500
1100,0,210,3.61,25,6400,100
1101,0,210,3.15,40,8250,250
1102,0,210,2.16,10,8100,300
1103,0,210,4.24,35,7750,250
1104,0,210,0.6,20,9750,50
1105,0,210,3.95,25,4250,250
1106,0,210,3.39,5,4700,50
1107,0,210,3.54,5,9600,50
1108,0,210,0.78,35,5500,500
1109,0,210,1.44,30,900,150
1110,0,210,1.81,10,3300,50
1111,0,210,1.74,35,5700,100
1112,0,210,0.75,25,4350,150
1113,0,210,4.85,50,7000,250
1114,0,210,2.47,45,8500,250
1115,0,210,4.73,10,6300,150
1116,0,210,3.72,5,7450,50
1117,0,210,0.65,30,2400,400
1118,0,210,3.86,10,4400,100
1119,0,210,0.96,25,5600,100
1120,0,210,2.98,50,2100,350
1121,0,210,1.81,25,2650,50
1122,0,210,4.59,45,900,450
1123,0,210,1.64,35,7000,350
1124,0,210,1.11,10,4700,100
1125,0,210,0.72,35,2250,450
1126,0,210,2.04,15,5900,100
1127,0,210,3.64,10,900,150
1128,0,210,4.32,45,9000,250
1129,0,210,3.44,40,1500,300
1130,0,210,3.12,30,8400,350
1131,0,210,3.41,5,8300,50
1132,0,210,3.04,40,9100,350
1133,0,210,3.58,10,4600,100
1134,0,210,4.52,35,6000,500
1135,0,210,1.14,25,7600,200
1136,0,210,4.06,40,9300,300
1137,0,210,1.56,15,400,50
1138,0,210,3.15,15,3850,50
1139,0,210,1.92,30,6300,300
1140,0,210,4.06,35,7400,100
1141,0,210,3.95,15,2450,350
1142,0,210,2.93,40,9000,500
1143,0,210,2.6,15,6200,200
1144,0,210,1.09,35,6500,250
1145,0,210,0.75,15,4500,500
1146,0,210,2.35,25,4250,250
1147,0,210,2.75,10,3900,300
1148,0,210,1.41,10,8050,350
1149,0,210,3.7,50,2500,500
1150,0,210,0.92,15,9500,250
1151,0,210,1.24,25,4800,400
1152,0,210,1.43,15,6400,200
1153,0,210,4.07,10,6300,450
1154,0,210,4.3,45,1800,300
1155,0,210,3.37,30,1800,300
1156,0,210,0.83,35,1050,350
1157,0,210,4.92,5,4000,400
1158,0,210,3.4,40,1100,100
1159,0,210,4.79,45,7250,250
1160,0,210,4.38,35,2700,450
1161,0,210,4.39,10,4550,350
1162,0,210,1.59,45,8400,200
1163,0,210,3.82,10,1000,500
1164,0,210,0.97,20,8100,300
1165,0,210,4.01,25,9750,150
1166,0,210,2.43,25,6000,100
1167,0,210,4.07,50,250,250
1168,0,210,3.26,40,5400,450
1169,0,210,3.88,35,8100,300
1170,0,210,4.97,50,2250,450
1171,0,210,0.6,45,7300,100
1172,0,210,1.54,50,9600,300
1173,0,210,0.53,10,400,200
1174,0,210,4.64,30,7200,200
1175,0,210,1.17,5,6900,300
1176,0,210,0.79,25,750,150
1177,0,210,3.07,10,7200,450
1178,0,210,1.63,40,4800,200
1179,0,210,4.18,20,2000,500
1180,0,210,3.42,40,9600,400
1181,0,210,2.54,20,8800,400
1182,0,210,1.39,30,3850,350
1183,0,210,2.72,30,9600,150
1184,0,210,3.14,10,5750,250
1185,0,210,4.57,30,5250,350
1186,0,210,4.63,40,4950,450
1187,0,210,3.62,30,7750,50
1188,0,210,1.07,15,5900,100
1189,0,210,1.68,25,9900,50
1190,0,210,2.95,50,9500,500
1191,0,210,0.86,20,7650,450
1192,0,210,1.5,20,2500,500
1193,0,210,4.43,30,4000,400
1194,0,210,4.44,40,400,400
1195,0,210,4.29,15,6600,300
1196,0,210,2.89,25,2400,200
1197,0,210,3.25,45,1350,450
1198,0,210,1.89,15,9500,100
1199,0,210,4.78,5,4200,150
1200,0,210,4.42,35,7050,150
1201,0,210,2.56,45,9200,100
1202,0,210,2.59,35,4050,450
1203,0,210,3.74,15,900,50
1204,0,210,3.37,50,3000,500
1205,0,210,3.57,25,6000,250
1206,0,210,0.55,50,7800,100
1207,0,210,1.43,35,1500,150
1208,0,210,3.6,25,200,100
1209,0,210,0.87,35,3600,150
1210,0,210,1.49,35,5200,200
1211,0,210,4.74,15,3850,350
1212,0,210,1.24,5,7600,200
1213,0,210,4.29,45,9900,450
1214,0,210,3.63,15,8500,100
1215,0,210,2.77,20,1350,450
1216,0,210,4.01,20,200,200
1217,0,210,2.45,35,5600,100
1218,0,210,4.32,5,8000,250
1219,0,210,2.34,40,9000,450
1220,0,210,0.81,45,4400,400
1221,0,210,1.02,35,9000,200
1222,0,210,2.95,25,4650,150
1223,0,210,4.27,35,4000,200
1224,0,210,0.92,30,8250,250
1225,0,210,2.89,50,6250,50
1226,0,210,2.61,50,6650,50
1227,0,210,3.66,25,2250,150
1228,0,210,0.92,20,8000,500
1229,0,210,4.38,50,700,100
1230,0,210,3.74,10,8250,150
1231,0,210,2.91,20,6400,400
1232,0,210,3.24,40,8000,500
1233,0,210,0.82,30,5700,100
1234,0,210,0.85,10,2000,250
1235,0,210,3.73,5,9300,300
1236,0,210,2.99,35,7550,50
1237,0,210,3.83,45,7600,200
1238,0,210,2.72,5,3150,350
1239,0,210,2.89,40,3300,300
1240,0,210,3.86,5,4500,500
1241,0,210,4.9,15,3000,300
1242,0,210,1.81,35,9200,400
1243,0,210,2.99,5,1400,100
1244,0,210,2.27,45,1000,200
1245,0,210,4.58,45,3600,450
1246,0,210,3.09,45,9150,150
1247,0,210,4.44,50,3500,350
1248,0,210,0.67,45,8250,150
1249,0,210,1.6,40,8050,350
1250,0,210,1.99,10,9750,250
1251,0,210,3.45,25,7250,250
1252,0,210,2.58,40,5250,350
1253,0,210,2.57,45,1350,450
1254,0,210,3.86,20,500,500
1255,0,210,2.75,15,3600,400
1256,0,210,0.71,10,1500,250
1257,0,210,0.54,25,7200,400
1258,0,210,1.59,45,5600,400
1259,0,210,1.35,10,4800,50
1260,0,210,0.85,40,8400,350
1261,0,210,1.18,50,4000,500
1262,0,210,3.64,10,5600,400
1263,0,210,1.5,20,9000,300
1264,0,210,2.91,20,4800,150
1265,0,210,4.39,15,9800,200
1266,0,210,2.25,25,4500,300
1267,0,210,3.63,20,7200,200
1268,0,210,4.13,35,5500,500
1269,0,210,1.95,45,9750,150
1270,0,210,1.13,50,8750,350
1271,0,210,0.59,45,5100,300
1272,0,210,4.49,5,9200,400
1273,0,210,2.55,25,7800,50
1274,0,210,1.28,25,9900,450
1275,0,210,4.84,20,400,200
1276,0,210,2.81,5,700,350
1277,0,210,1.0,20,5800,50
1278,0,210,1.26,45,7700,350
1279,0,210,2.9,20,1400,50
1280,0,210,3.97,25,8050,350
1281,0,210,1.77,50,8800,400
1282,0,210,0.62,50,1050,150
1283,0,210,1.3,20,4000,500
1284,0,210,3.43,5,3600,100
1285,0,210,4.59,5,7800,150
1286,0,210,4.35,50,8000,500
1287,0,210,4.26,15,7500,300
1288,0,210,0.78,50,5000,500
1289,0,210,4.06,30,9300,150
1290,0,210,3.37,50,8000,50
1291,0,210,1.87,35,2500,500
1292,0,210,4.14,35,5350,50
1293,0,210,0.71,15,1050,350
1294,0,210,1.05,40,3900,150
1295,0,210,2.49,15,3500,500
1296,0,210,0.57,30,7950,150
1297,0,210,3.61,40,4100,50
1298,0,210,2.42,45,7050,50
1299,0,210,3.74,20,3600,100
1300,0,210,2.79,10,6000,150
1301,0,210,3.92,40,3800,200
1302,0,210,4.24,35,3800,50
1303,0,210,3.07,45,9800,50
1304,0,210,3.54,15,5700,300
1305,0,210,2.92,20,4000,250
1306,0,210,1.81,35,10000,500
1307,0,210,1.0,40,3300,300
1308,0,210,1.59,5,1000,500
1309,0,210,2.17,35,2750,250
1310,0,210,1.19,45,1350,450
1311,0,210,3.47,10,3500,250
1312,0,210,2.98,50,5200,400
1313,0,210,2.97,45,9000,300
1314,0,210,3.1,20,4800,150
1315,0,210,3.25,25,7500,500
1316,0,210,3.94,10,9200,400
1317,0,210,3.94,35,2400,300
1318,0,210,1.26,5,4950,450
1319,0,210,1.07,15,2600,200
1320,0,210,2.92,10,1200,400
1321,0,210,3.56,50,3300,50
1322,0,210,1.91,40,900,450
1323,0,210,1.29,35,4300,50
1324,0,210,3.41,25,6800,50
1325,0,210,0.76,50,5850,450
1326,0,210,3.76,45,7750,250
1327,0,210,2.22,50,7000,350
1328,0,210,0.85,25,2100,100
1329,0,210,4.83,40,1800,450
1330,0,210,3.61,50,2450,350
1331,0,210,1.55,35,600,100
1332,0,210,0.78,30,1250,250
1333,0,210,3.09,15,6900,100
1334,0,210,2.93,40,9450,350
1335,0,210,0.92,15,9500,500
1336,0,210,3.13,45,2500,500
1337,0,210,0.79,10,9600,200
1338,0,210,4.09,50,1750,250
1339,0,210,3.06,5,8400,400
1340,0,210,4.25,15,7000,350
1341,0,210,0.68,40,8600,50
1342,0,210,3.04,40,3000,150
1343,0,210,3.63,50,9100,100
1344,0,210,1.01,45,4850,50
1345,0,210,1.03,35,6200,200
1346,0,210,3.19,35,5600,350
1347,0,210,2.57,20,5700,100
1348,0,210,3.76,15,5850,450
1349,0,210,0.59,25,9450,350
1350,0,210,3.14,30,9600,200
1351,0,210,1.2,10,8850,150
1352,0,210,1.74,45,6000,200
1353,0,210,4.11,45,7600,400
1354,0,210,1.23,40,3300,150
1355,0,210,0.79,50,150,150
1356,0,210,4.94,40,9000,150
1357,0,210,3.34,25,5600,200
1358,0,210,0.88,15,1100,100
1359,0,210,4.92,20,5000,500
1360,0,210,2.35,50,5000,100
1361,0,210,3.48,15,5600,400
1362,0,210,1.21,20,9900,450
1363,0,210,0.78,20,3500,250
1364,0,210,1.18,15,1500,300
1365,0,210,2.71,5,4000,500
1366,0,210,2.02,50,1200,150
1367,0,210,2.73,40,5950,350
1368,0,210,0.51,5,4000,400
1369,0,210,3.59,35,6000,400
1370,0,210,3.04,35,6000,400
1371,0,210,2.91,5,9300,150
1372,0,210,0.84,35,8000,200
1373,0,210,4.61,40,7400,200
1374,0,210,4.01,15,1250,250
1375,0,210,1.99,45,800,400
1376,0,210,2.09,45,700,350
1377,0,210,1.08,10,1800,100
1378,0,210,3.51,20,250,250
1379,0,210,1.02,45,4800,400
1380,0,210,1.54,35,3600,150
1381,0,210,2.15,5,5600,400
1382,0,210,3.23,50,7000,500
1383,0,210,1.43,35,2500,250
1384,0,210,2.73,40,5400,450
1385,0,210,3.16,30,8200,200
1386,0,210,1.82,20,1100,100
1387,0,210,2.13,15,900,300
1388,0,210,1.66,15,5700,100
1389,0,210,1.22,30,3000,200
1390,0,210,3.35,20,9300,300
1391,0,210,4.72,40,8200,50
1392,0,210,2.15,50,8400,300
1393,0,210,2.02,50,9000,500
1394,0,210,1.73,5,4950,450
1395,0,210,2.33,45,1200,300
1396,0,210,3.86,50,7500,500
1397,0,210,2.35,25,5000,500
1398,0,210,2.29,35,6600,150
1399,0,210,3.62,15,700,350
1400,0,210,1.52,10,10000,400
1401,0,210,4.45,40,6300,300
1402,0,210,1.36,30,3750,250
1403,0,210,4.28,10,6800,400
1404,0,210,1.81,15,4650,150
1405,0,210,1.53,30,1500,500
1406,0,210,2.86,20,9900,100
1407,0,210,2.82,5,2700,450
1408,0,210,1.96,20,4800,100
1409,0,210,4.07,30,3600,450
1410,0,210,2.11,10,6400,200
1411,0,210,4.3,15,8400,300
1412,0,210,4.0,40,7000,350
1413,0,210,1.32,30,8000,250
1414,0,210,1.95,5,10000,100
1415,0,210,0.85,45,3600,400
1416,0,210,4.2,10,6750,150
1417,0,210,4.13,5,9450,450
1418,0,210,0.7,50,3500,500
1419,0,210,3.14,40,8050,350
1420,0,210,4.7,20,7650,450
1421,0,210,4.91,35,3600,150
1422,0,210,3.39,40,8100,450
1423,0,210,3.65,30,6750,150
1424,0,210,4.8,20,7800,200
1425,0,210,0.98,50,6000,300
1426,0,210,4.83,20,1400,350
1427,0,210,4.35,50,5850,50
1428,0,210,1.0,45,9450,50
1429,0,210,2.47,20,7700,350
1430,0,210,4.96,15,7000,350
1431,0,210,3.24,15,5250,50
1432,0,210,2.58,45,7650,150
1433,0,210,4.69,40,7500,100
1434,0,210,4.99,5,4850,50
1435,0,210,4.75,10,6300,350
1436,0,210,2.06,40,900,300
1437,0,210,3.52,10,2800,350
1438,0,210,4.45,15,9000,300
1439,0,210,2.53,5,1400,200
1440,0,210,1.61,40,8400,200
1441,0,210,2.23,45,3600,300
1442,0,210,1.37,45,4500,150
1443,0,210,4.09,5,9800,200
1444,0,210,3.38,10,5000,500
1445,0,210,2.94,10,6000,50
1446,0,210,2.44,45,500,250
1447,0,210,0.79,20,5950,50
1448,0,210,1.83,15,8500,100
1449,0,210,2.84,5,2500,100
1450,0,210,4.86,50,2800,400
1451,0,210,2.26,20,4550,350
1452,0,210,2.81,15,3600,450
1453,0,210,2.16,35,7700,350
1454,0,210,1.59,15,3000,300
1455,0,210,2.62,30,6750,450
1456,0,210,4.33,45,2400,400
1457,0,210,3.44,20,500,250
1458,0,210,3.28,30,8550,150
1459,0,210,2.16,50,3600,450
1460,0,210,4.03,45,8750,350
1461,0,210,4.41,25,5750,250
1462,0,210,2.68,50,6500,250
1463,0,210,1.24,30,500,500
1464,0,210,4.24,50,350,350
1465,0,210,4.77,10,9300,300
1466,0,210,0.65,45,8750,50
1467,0,210,4.73,40,10000,200
1468,0,210,3.35,35,2000,100
1469,0,210,2.11,20,2400,400
1470,0,210,1.69,50,3750,250
1471,0,210,3.19,30,5600,400
1472,0,210,2.73,20,1300,50
1473,0,210,1.61,25,400,400
1474,0,210,3.58,45,6650,50
1475,0,210,0.52,30,10000,200
1476,0,210,4.47,5,2400,100
1477,0,210,1.45,20,1000,250
1478,0,210,1.5,50,7500,100
1479,0,210,4.86,10,450,450
1480,0,210,2.14,35,400,100
1481,0,210,1.05,25,7350,350
1482,0,210,4.33,35,7600,400
1483,0,210,2.98,30,4000,100
1484,0,210,2.92,5,9050,50
1485,0,210,2.95,35,8700,300
1486,0,210,2.31,40,1500,150
1487,0,210,1.47,40,1750,250
1488,0,210,2.24,5,5000,500
1489,0,210,1.52,10,6750,250
1490,0,210,1.0,15,3400,200
1491,0,210,1.81,25,2850,50
1492,0,210,3.2,20,5650,50
1493,0,210,1.34,10,9450,450
1494,0,210,2.06,35,2400,300
1495,0,210,1.81,50,6300,150
1496,0,210,2.13,10,6000,300
1497,0,210,4.37,10,3300,300
1498,0,210,0.78,10,4200,150
1499,0,210,2.94,5,5400,200
1500,0,210,0.9,10,7200,450
1501,0,210,4.37,10,9100,350
1502,0,210,2.54,45,4800,300
1503,0,210,3.49,40,5300,100
1504,0,210,3.26,30,2000,50
1505,0,210,4.04,30,6300,150
1506,0,210,1.9,15,6600,200
1507,0,210,2.17,50,8400,300
1508,0,210,2.06,15,8250,250
1509,0,210,3.4,30,4950,450
1510,0,210,3.17,15,9000,300
1511,0,210,0.94,5,9800,350
1512,0,210,4.51,40,3600,200
1513,0,210,1.95,25,1400,350
1514,0,210,3.64,35,9450,150
1515,0,210,4.91,40,1000,500
1516,0,210,3.14,30,8000,250
1517,0,210,3.52,20,5500,100
1518,0,210,4.78,5,1200,300
1519,0,210,3.41,35,1750,250
1520,0,210,3.01,35,2250,50
1521,0,210,3.43,45,9200,200
1522,0,210,4.03,30,9150,150
1523,0,210,2.06,15,7000,500
1524,0,210,3.53,10,1000,250
1525,0,210,0.82,30,6050,50
1526,0,210,1.15,25,5100,50
1527,0,210,4.66,15,3850,350
1528,0,210,5.0,40,1100,50
1529,0,210,2.32,45,5000,250
1530,0,210,3.12,40,8850,150
1531,0,210,0.97,5,6500,500
1532,0,210,1.31,25,6600,300
1533,0,210,1.32,15,2700,100
1534,0,210,3.08,20,8800,50
1535,0,210,3.3,40,4200,200
1536,0,210,1.84,15,7750,50
1537,0,210,2.69,40,600,300
1538,0,210,2.89,5,500,500
1539,0,210,3.59,10,3500,500
1540,0,210,3.54,5,7200,450
1541,0,210,4.98,40,1500,100
1542,0,210,0.63,45,800,400
1543,0,210,1.7,5,4200,300
1544,0,210,1.15,30,350,350
1545,0,210,1.16,30,9500,500
1546,0,210,3.82,5,5850,450
1547,0,210,3.73,20,10000,400
1548,0,210,1.71,10,1050,350
1549,0,210,4.33,45,9550,50
1550,0,210,3.0,25,9450,350
1551,0,210,1.54,25,5100,300
1552,0,210,0.58,50,4700,100
1553,0,210,1.88,25,3150,350
1554,0,210,2.54,25,6300,150
1555,0,210,3.37,50,1000,500
1556,0,210,2.33,45,5000,250
1557,0,210,2.28,25,8800,400
1558,0,210,2.93,50,8200,200
1559,0,210,0.52,10,2100,350
1560,0,210,3.16,50,6800,100
1561,0,210,1.13,40,1800,100
1562,0,210,4.12,45,900,450
1563,0,210,3.21,10,2250,250
1564,0,210,4.61,15,4050,450
1565,0,210,4.0,20,600,100
1566,0,210,0.9,45,8000,400
1567,0,210,3.61,15,7200,300
1568,0,210,2.35,40,4500,450
1569,0,210,4.49,10,6800,50
1570,0,210,3.96,40,4500,450
1571,0,210,3.29,10,800,400
1572,0,210,1.78,15,8500,500
1573,0,210,0.97,45,6650,350
1574,0,210,3.31,15,6000,500
1575,0,210,4.06,45,5850,450
1576,0,210,4.16,45,3850,350
1577,0,210,4.71,45,4500,500
1578,0,210,2.41,20,6300,300
1579,0,210,4.68,10,7950,150
1580,0,210,1.56,35,6300,300
1581,0,210,1.09,50,7200,450
1582,0,210,3.81,50,5250,350
1583,0,210,1.4,15,6300,150
1584,0,210,0.9,30,6200,200
1585,0,210,1.18,30,3000,50
1586,0,210,2.35,15,2400,300
1587,0,210,3.41,15,4800,400
1588,0,210,2.71,20,8400,150
1589,0,210,1.49,15,7200,200
1590,0,210,1.85,40,8000,250
1591,0,210,2.63,20,1400,350
1592,0,210,4.57,5,900,150
1593,0,210,2.51,5,4500,300
1594,0,210,3.52,5,6300,450
1595,0,210,3.43,35,8400,150
1596,0,210,4.24,25,5400,50
1597,0,210,2.92,15,10000,500
1598,0,210,4.21,5,9600,300
1599,0,210,2.07,5,1600,400
1600,0,210,4.9,45,6900,50
1601,0,210,3.21,35,3900,100
1602,0,210,2.44,40,9600,200
1603,0,210,3.74,45,5550,150
1604,0,210,2.23,20,5950,50
1605,0,210,2.78,5,6800,100
1606,0,210,0.78,30,6800,100
1607,0,210,2.72,35,3600,150
1608,0,210,4.94,50,8550,450
1609,0,210,2.09,15,7200,400
1610,0,210,2.45,40,6900,100
1611,0,210,4.63,5,2200,100
1612,0,210,1.27,45,10000,250
1613,0,210,2.76,25,8750,350
1614,0,210,4.38,50,8000,400
1615,0,210,2.87,50,8000,400
1616,0,210,3.85,35,4500,450
1617,0,210,3.67,25,5200,400
1618,0,210,2.38,35,1000,500
1619,0,210,1.57,15,600,150
1620,0,210,4.55,15,1800,450
1621,0,210,4.12,10,7950,150
1622,0,210,1.78,20,4500,450
1623,0,210,1.79,45,10000,50
1624,0,210,3.26,40,7500,500
1625,0,210,2.82,40,6000,400
1626,0,210,4.3,35,900,100
1627,0,210,2.68,5,6800,200
1628,0,210,0.55,20,8750,350
1629,0,210,4.1,25,6200,100
1630,0,210,4.75,30,7250,250
1631,0,210,1.97,10,6600,100
1632,0,210,1.32,40,8400,350
1633,0,210,1.9,30,6200,100
1634,0,210,4.5,10,6000,50
1635,0,210,2.35,50,1000,200
1636,0,210,4.84,15,9600,400
1637,0,210,2.44,45,900,100
1638,0,210,3.34,45,3500,250
1639,0,210,3.65,10,10000,400
1640,0,210,1.28,45,1050,150
1641,0,210,2.18,35,5600,100
1642,0,210,3.5,35,6750,450
1643,0,210,1.0,50,900,450
1644,0,210,4.08,50,5500,500
1645,0,210,4.52,50,8050,350
1646,0,210,1.19,35,7000,250
1647,0,210,4.78,5,8500,250
1648,0,210,3.32,30,1400,350
1649,0,210,0.75,40,4200,200
1650,0,210,3.7,20,2800,100
1651,0,210,3.45,25,5100,300
1652,0,210,4.53,35,5600,350
1653,0,210,3.17,10,4500,100
1654,0,210,2.55,10,9900,150
1655,0,210,2.27,15,7350,350
1656,0,210,1.87,45,6750,150
1657,0,210,2.11,35,2450,350
1658,0,210,3.71,15,1050,350
1659,0,210,4.89,5,4300,100
1660,0,210,0.79,15,5250,350
1661,0,210,2.02,35,4750,250
1662,0,210,4.86,20,9750,250
1663,0,210,3.27,5,3800,50
1664,0,210,2.15,50,950,50
1665,0,210,3.93,40,3300,50
1666,0,210,2.73,40,7200,100
1667,0,210,0.53,50,8700,300
1668,0,210,4.13,25,3150,450
1669,0,210,4.07,40,8700,300
1670,0,210,1.47,45,3900,300
1671,0,210,1.6,25,2400,400
1672,0,210,1.8,25,8400,400
1673,0,210,1.83,30,6800,200
1674,0,210,1.61,10,9900,300
1675,0,210,0.82,45,2200,100
1676,0,210,4.39,30,2800,100
1677,0,210,1.32,20,3500,350
1678,0,210,3.52,45,3000,300
1679,0,210,4.81,50,5200,400
1680,0,210,0.66,25,1800,450
1681,0,210,4.36,50,7000,350
1682,0,210,0.53,30,6300,300
1683,0,210,2.84,50,7600,50
1684,0,210,0.6,5,500,500
1685,0,210,1.54,35,6000,200
1686,0,210,4.42,15,1000,500
1687,0,210,3.89,30,2000,200
1688,0,210,2.63,10,5250,150
1689,0,210,4.13,20,3150,50
1690,0,210,2.25,50,900,100
1691,0,210,3.29,30,4400,400
1692,0,210,1.15,15,7950,150
1693,0,210,2.19,20,9400,50
1694,0,210,3.91,10,1200,150
1695,0,210,2.53,10,7200,450
1696,0,210,0.67,25,5600,100
1697,0,210,3.96,45,500,500
1698,0,210,3.07,50,8050,350
1699,0,210,3.6,30,8550,150
1700,0,210,2.64,45,5500,500
1701,0,210,1.44,35,2000,400
1702,0,210,1.85,25,4200,300
1703,0,210,2.57,20,2800,400
1704,0,210,3.47,50,8000,500
1705,0,210,3.77,25,4200,350
1706,0,210,2.85,35,4500,300
1707,0,210,2.67,15,6900,150
1708,0,210,1.28,30,1050,150
1709,0,210,1.31,5,7400,100
1710,0,210,2.01,40,7200,400
1711,0,210,4.08,40,600,150
1712,0,210,4.7,20,4800,300
1713,0,210,2.01,45,9600,100
1714,0,210,2.67,20,5400,300
1715,0,210,4.26,45,1200,150
1716,0,210,1.03,45,6150,150
1717,0,210,2.96,5,8400,400
1718,0,210,3.61,40,5950,350
1719,0,210,2.01,30,1750,50
1720,0,210,2.88,45,5700,100
1721,0,210,2.77,20,9500,500
1722,0,210,3.66,25,4950,450
1723,0,210,2.98,15,5700,150
1724,0,210,4.72,10,2600,200
1725,0,210,3.08,5,3300,100
1726,0,210,2.89,10,2100,150
1727,0,210,2.01,30,2100,50
1728,0,210,4.39,35,1750,250
1729,0,210,1.46,45,6800,400
1730,0,210,2.35,15,5300,100
1731,0,210,2.88,50,9000,200
1732,0,210,1.95,15,1500,100
1733,0,210,4.91,25,3850,350
1734,0,210,4.84,10,9000,500
1735,0,210,1.37,5,8500,500
1736,0,210,0.63,30,300,150
1737,0,210,3.21,30,9750,250
1738,0,210,0.78,20,2800,400
1739,0,210,1.25,15,6000,500
1740,0,210,2.99,50,5650,50
1741,0,210,3.43,50,5950,350
1742,0,210,4.57,25,400,100
1743,0,210,2.57,15,6250,250
1744,0,210,4.75,20,2800,400
1745,0,210,1.77,10,8400,300
1746,0,210,4.11,25,1950,150
1747,0,210,4.93,50,2000,400
1748,0,210,1.84,30,3750,50
1749,0,210,3.06,20,4800,300
1750,0,210,1.26,25,7000,200
1751,0,210,0.97,5,4600,100
1752,0,210,4.06,10,6650,350
1753,0,210,4.62,5,6000,200
1754,0,210,1.47,40,6400,400
1755,0,210,2.86,25,3900,300
1756,0,210,3.49,30,7350,350
1757,0,210,0.66,10,8400,300
1758,0,210,4.31,25,7800,150
1759,0,210,0.58,10,7000,50
1760,0,210,3.53,30,8000,500
1761,0,210,0.71,30,8700,150
1762,0,210,1.8,25,7350,350
1763,0,210,2.63,25,7000,350
1764,0,210,2.69,35,9900,150
1765,0,210,0.97,30,8400,400
1766,0,210,4.52,25,9450,350
1767,0,210,4.05,15,9450,350
1768,0,210,2.93,45,6000,400
1769,0,210,1.25,50,3000,200
1770,0,210,3.48,20,2100,350
1771,0,210,0.82,35,10000,200
1772,0,210,4.39,10,9800,350
1773,0,210,1.81,20,9500,100
1774,0,210,4.97,30,5500,500
1775,0,210,3.69,15,9800,200
1776,0,210,2.07,20,2700,300
1777,0,210,0.73,35,450,450
1778,0,210,0.93,25,4200,200
1779,0,210,3.78,20,9800,350
1780,0,210,4.87,30,3400,100
1781,0,210,2.82,10,3850,350
1782,0,210,3.49,5,9450,350
1783,0,210,0.65,45,7900,50
1784,0,210,2.71,30,4000,250
1785,0,210,1.94,20,9600,400
1786,0,210,1.43,30,7600,50
1787,0,210,4.68,15,9300,50
1788,0,210,0.88,50,3000,500
1789,0,210,1.91,5,6000,500
1790,0,210,3.28,10,10000,500
1791,0,210,2.77,30,2100,350
1792,0,210,2.56,15,900,450
1793,0,210,1.76,5,6750,150
1794,0,210,2.51,20,5200,100
1795,0,210,2.08,15,7500,300
1796,0,210,4.5,40,5250,350
1797,0,210,1.73,10,2500,500
1798,0,210,2.14,30,7400,100
1799,0,210,0.94,10,3250,250
1800,0,210,3.91,20,6300,100
1801,0,210,4.94,35,1200,50
1802,0,210,2.05,5,3200,200
1803,0,210,1.75,45,2700,50
1804,0,210,0.56,50,4250,250
1805,0,210,3.86,45,2450,350
1806,0,210,0.77,5,5400,300
1807,0,210,0.71,5,6000,200
1808,0,210,0.92,10,4150,50
1809,0,210,3.06,15,2700,450
1810,0,210,4.87,20,7200,400
1811,0,210,1.46,25,8100,50
1812,0,210,4.23,35,5600,200
1813,0,210,4.08,45,1400,350
1814,0,210,3.32,20,1750,250
1815,0,210,0.98,50,9000,500
1816,0,210,3.96,30,8100,450
1817,0,210,4.19,25,600,150
1818,0,210,3.57,45,1600,400
1819,0,210,4.02,5,9200,200
1820,0,210,2.72,30,2400,300
1821,0,210,2.26,5,5600,350
1822,0,210,0.98,45,4800,400
1823,0,210,0.76,15,9400,200
1824,0,210,2.14,25,6000,200
1825,0,210,0.52,10,6750,150
1826,0,210,0.96,25,600,150
1827,0,210,4.41,20,4200,50
1828,0,210,1.59,30,6000,300
1829,0,210,4.38,50,3500,500
1830,0,210,1.65,40,1000,500
1831,0,210,2.64,30,10000,200
1832,0,210,3.45,5,5350,50
1833,0,210,4.73,15,10000,250
1834,0,210,2.06,25,1800,150
1835,0,210,4.96,45,7200,150
1836,0,210,4.71,20,6900,150
1837,0,210,3.21,40,3200,400
1838,0,210,2.37,45,2750,250
1839,0,210,3.83,45,7200,300
1840,0,210,4.04,25,1250,50
1841,0,210,1.99,45,2550,150
1842,0,210,2.76,20,2800,400
1843,0,210,4.8,15,3150,150
1844,0,210,4.31,15,400,400
1845,0,210,0.56,35,9500,500
1846,0,210,3.26,35,4650,150
1847,0,210,1.86,15,4200,50
1848,0,210,3.55,5,7500,500
1849,0,210,1.97,50,1800,450
1850,0,210,2.18,10,9300,150
1851,0,210,3.82,20,6300,350
1852,0,210,3.73,25,1500,500
1853,0,210,3.67,35,7000,50
1854,0,210,4.62,45,5200,400
1855,0,210,1.37,15,3600,100
1856,0,210,3.68,20,8400,300
1857,0,210,2.14,20,400,400
1858,0,210,2.51,50,7700,350
1859,0,210,3.25,40,9300,100
1860,0,210,0.68,10,6400,100
1861,0,210,4.78,40,400,400
1862,0,210,0.69,50,6300,350
1863,0,210,4.03,45,4800,400
1864,0,210,3.27,40,7600,400
1865,0,210,1.54,25,1800,300
1866,0,210,1.11,45,8100,300
1867,0,210,2.98,25,8000,200
1868,0,210,3.22,30,3600,200
1869,0,210,2.25,35,4050,450
1870,0,210,1.47,20,2200,200
1871,0,210,4.14,35,3150,450
1872,0,210,3.62,10,1800,450
1873,0,210,2.27,40,7800,300
1874,0,210,1.61,50,9900,450
1875,0,210,4.38,45,5500,500
1876,0,210,1.82,10,7850,50
1877,0,210,4.82,15,7250,250
1878,0,210,1.71,20,3200,400
1879,0,210,3.26,30,500,500
1880,0,210,1.32,50,5000,200
1881,0,210,3.1,30,8800,400
1882,0,210,3.79,30,2100,350
1883,0,210,0.81,40,9000,300
1884,0,210,1.08,15,8000,250
1885,0,210,1.07,45,8550,450
1886,0,210,0.53,35,9000,250
1887,0,210,3.57,40,1600,400
1888,0,210,4.8,20,1200,300
1889,0,210,3.13,25,3600,150
1890,0,210,3.4,40,3250,250
1891,0,210,0.71,15,3200,200
1892,0,210,3.05,30,5550,50
1893,0,210,1.86,35,4400,400
1894,0,210,4.12,10,8750,250
1895,0,210,2.26,30,7950,150
1896,0,210,2.44,45,7600,200
1897,0,210,2.18,25,7500,250
1898,0,210,2.3,20,6500,500
1899,0,210,2.42,45,600,300
1900,0,210,0.63,10,7050,150
1901,0,210,3.08,35,1650,150
1902,0,210,2.61,25,7950,150
1903,0,210,0.61,50,9300,150
1904,0,210,3.84,35,6000,150
1905,0,210,2.24,40,6600,200
1906,0,210,1.53,40,4500,500
1907,0,210,1.46,5,7600,400
1908,0,210,3.71,40,9000,450
1909,0,210,3.32,5,9900,450
1910,0,210,2.07,30,4300,100
1911,0,210,0.64,40,3500,350
1912,0,210,1.21,20,1500,500
1913,0,210,1.03,30,9450,150
1914,0,210,4.68,25,9400,200
1915,0,210,3.58,50,2000,200
1916,0,210,3.33,45,2900,50
1917,0,210,4.88,50,6500,500
1918,0,210,3.58,5,9900,150
1919,0,210,2.99,15,1700,100
1920,0,210,3.87,25,5600,350
1921,0,210,4.76,10,9000,500
1922,0,210,4.26,25,4050,450
1923,0,210,2.86,25,4950,450
1924,0,210,4.5,45,7500,500
1925,0,210,2.2,35,7350,50
1926,0,210,1.45,45,900,450
1927,0,210,1.25,15,4500,450
1928,0,210,1.89,15,3500,350
1929,0,210,1.42,35,5500,250
1930,0,210,0.75,50,4800,400
1931,0,210,1.47,5,900,50
1932,0,210,1.67,5,8550,450
1933,0,210,3.06,15,6500,500
1934,0,210,0.64,40,5500,100
1935,0,210,4.61,20,500,500
1936,0,210,2.86,30,9900,150
1937,0,210,2.77,15,6750,450
1938,0,210,4.78,35,8500,500
1939,0,210,3.52,35,6800,400
1940,0,210,4.77,10,3200,50
1941,0,210,1.37,20,8750,350
1942,0,210,3.65,20,9100,100
1943,0,210,3.0,50,9500,250
1944,0,210,2.26,30,2700,300
1945,0,210,1.94,20,6000,500
1946,0,210,4.42,50,1350,450
1947,0,210,1.06,5,5750,250
1948,0,210,3.45,20,9100,350
1949,0,210,0.52,5,7700,350
1950,0,210,3.21,45,7200,200
1951,0,210,0.87,20,5200,200
1952,0,210,4.46,50,2800,400
1953,0,210,4.13,30,2800,50
1954,0,210,1.08,30,400,400
1955,0,210,1.71,10,1050,350
1956,0,210,4.38,10,1250,250
1957,0,210,1.96,20,3600,200
1958,0,210,2.93,45,3300,50
1959,0,210,2.69,30,2600,50
1960,0,210,4.4,50,2450,50
1961,0,210,4.42,5,2150,50
1962,0,210,1.56,45,6300,300
1963,0,210,3.41,35,6500,500
1964,0,210,2.18,30,5000,200
1965,0,210,3.8,30,2450,350
1966,0,210,3.21,30,400,200
1967,0,210,3.94,5,6500,100
1968,0,210,1.81,15,2500,500
1969,0,210,2.79,30,7000,250
1970,0,210,2.23,45,1600,400
1971,0,210,1.75,20,3100,50
1972,0,210,1.03,45,1200,150
1973,0,210,0.64,5,2800,400
1974,0,210,1.71,35,1350,450
1975,0,210,1.35,45,3150,450
1976,0,210,3.09,50,1200,300
1977,0,210,2.16,45,800,200
1978,0,210,1.3,30,6400,200
1979,0,210,3.0,45,6750,450
1980,0,210,1.34,15,1950,150
1981,0,210,2.41,15,7800,300
1982,0,210,3.93,40,5400,200
1983,0,210,4.14,5,5400,300
1984,0,210,1.87,35,2000,100
1985,0,210,3.13,10,8400,400
1986,0,210,3.25,5,3400,50
1987,0,210,2.25,30,7800,200
1988,0,210,1.07,35,400,200
1989,0,210,4.95,20,8400,400
1990,0,210,3.46,25,5700,150
1991,0,210,1.54,45,7400,200
1992,0,210,1.09,10,4500,450
1993,0,210,4.31,25,1800,450
1994,0,210,1.86,15,8800,400
1995,0,210,3.09,50,5100,300
1996,0,210,2.72,50,2750,250
1997,0,210,2.14,50,9000,450
1998,0,210,3.82,30,8700,150
1999,0,210,3.26,50,6000,500
2000,0,210,4.78,15,4600,200
2001,0,210,3.78,45,6300,150
2002,0,210,4.9,35,9800,350
2003,0,210,2.54,35,550,50
2004,0,210,3.34,45,3150,450
2005,0,210,3.66,35,6300,450
2006,0,210,0.96,10,7600,400
2007,0,210,4.72,35,300,100
2008,0,210,1.96,10,6000,250
2009,0,210,1.69,15,1750,250
2010,0,210,1.39,5,3250,250
2011,0,210,4.0,45,7100,100
2012,0,210,3.79,15,9500,250
2013,0,210,4.42,35,750,150
2014,0,210,2.84,50,5250,350
2015,0,210,2.86,30,7500,500
2016,0,210,1.14,40,1400,350
2017,0,210,3.96,25,3150,450
2018,0,210,2.04,50,7000,500
2019,0,210,4.41,20,9500,250
2020,0,210,1.0,35,4200,350
2021,0,210,4.57,20,8100,450
2022,0,210,0.67,10,4800,200
2023,0,210,4.04,50,7200,450
2024,0,210,2.94,5,9600,50
2025,0,210,4.62,25,5750,250
2026,0,210,4.28,5,3500,100
2027,0,210,4.97,40,6300,450
2028,0,210,3.97,5,4500,100
2029,0,210,3.65,15,8500,500
2030,0,210,4.27,15,8100,300
2031,0,210,1.63,50,4000,500
2032,0,210,0.87,30,3900,150
2033,0,210,0.79,40,3800,200
2034,0,210,3.43,35,6500,500
2035,0,210,0.5,50,6000,300
2036,0,210,1.33,50,8750,350
2037,0,210,4.85,25,1050,350
2038,0,210,2.04,20,7600,400
2039,0,210,4.18,10,5200,100
2040,0,210,1.2,5,1300,50
2041,0,210,4.23,45,8000,500
2042,0,210,0.51,5,9200,400
2043,0,210,1.48,50,5200,100
2044,0,210,2.01,20,2250,450
2045,0,210,2.47,15,10000,500
2046,0,210,3.07,20,2400,200
2047,0,210,1.72,25,8400,400
2048,0,210,3.51,45,7200,400
2049,0,210,4.62,10,9750,250
2050,0,210,2.1,40,5900,50
2051,0,210,3.1,30,8000,500
2052,0,210,0.61,15,6200,200
2053,0,210,1.86,25,1400,350
2054,0,210,3.86,40,5950,350
2055,0,210,0.69,10,5200,400
2056,0,210,4.77,20,10000,250
2057,0,210,1.32,40,4000,500
2058,0,210,3.45,15,6400,200
2059,0,210,0.57,30,9000,450
2060,0,210,2.29,45,900,450
2061,0,210,4.65,45,7200,450
2062,0,210,1.18,35,5500,500
2063,0,210,1.53,20,2250,250
2064,0,210,4.61,35,9450,350
2065,0,210,4.89,30,8500,250
2066,0,210,4.11,35,1350,450
2067,0,210,0.96,40,9750,50
2068,0,210,3.9,5,8700,100
2069,0,210,3.98,30,4800,50
2070,0,210,1.55,45,4600,200
2071,0,210,4.31,15,2500,500
2072,0,210,2.75,30,8900,100
2073,0,210,3.65,30,1900,100
2074,0,210,2.22,20,1050,350
2075,0,210,4.69,50,5200,200
2076,0,210,3.14,5,3150,450
2077,0,210,3.41,45,7200,450
2078,0,210,4.85,20,8700,150
2079,0,210,2.08,25,8250,250
2080,0,210,1.97,5,5350,50
2081,0,210,3.41,35,6650,50
2082,0,210,3.45,35,7600,200
2083,0,210,1.66,20,4550,350
2084,0,210,4.4,45,5600,400
2085,0,210,0.95,40,8450,50
2086,0,210,2.53,35,2500,500
2087,0,210,2.29,25,9450,450
2088,0,210,3.25,25,8250,250
2089,0,210,0.8,35,3900,150
2090,0,210,4.0,5,8000,200
2091,0,210,4.5,30,5100,300
2092,0,210,3.2,50,9000,150
2093,0,210,1.22,35,5700,300
2094,0,210,3.99,25,9250,250
2095,0,210,4.32,35,800,100
2096,0,210,2.04,25,5700,300
2097,0,210,2.74,50,450,450
2098,0,210,1.83,45,1050,150
2099,0,210,1.93,5,5850,450
