0,0,210,0.0,5,1000,50
1,0,210,0.0,35,9300,300
2,0,210,0.0,15,6300,150
3,0,210,0.0,45,7200,300
4,0,210,0.0,10,6900,300
5,0,210,0.0,35,2800,400
6,0,210,0.0,5,2900,100
7,0,210,0.0,10,5100,100
8,0,210,0.0,40,8800,200
9,0,210,0.0,35,9000,500
10,0,210,0.0,10,6000,500
11,0,210,0.0,50,8400,200
12,0,210,0.0,35,4650,150
13,0,210,0.0,20,800,200
14,0,210,0.0,40,2200,200
15,0,210,0.0,45,6000,400
16,0,210,0.0,35,1750,250
17,0,210,0.0,35,6300,300
18,0,210,0.0,5,4400,100
19,0,210,0.0,25,9700,100
20,0,210,0.0,15,5550,150
21,0,210,0.0,25,5600,400
22,0,210,0.0,50,4650,150
23,0,210,0.0,30,2700,300
24,0,210,0.0,35,2000,400
25,0,210,0.0,45,2000,100
26,0,210,0.0,35,2800,400
27,0,210,0.0,25,9000,200
28,0,210,0.0,30,9600,400
29,0,210,0.0,15,2800,350
30,0,210,0.0,50,7500,500
31,0,210,0.0,50,2650,50
32,0,210,0.0,35,4500,500
33,0,210,0.0,25,5600,400
34,0,210,0.0,50,2450,350
35,0,210,0.0,25,6300,450
36,0,210,0.0,40,4200,50
37,0,210,0.0,25,1650,50
38,0,210,0.0,10,4400,400
39,0,210,0.0,45,7700,350
40,0,210,0.0,25,5400,200
41,0,210,0.0,15,9300,100
42,0,210,0.0,5,5000,250
43,0,210,0.0,10,1750,250
44,0,210,0.0,50,8800,200
45,0,210,0.0,50,9700,50
46,0,210,0.0,20,6800,400
47,0,210,0.0,15,3600,450
48,0,210,0.0,20,7500,500
49,0,210,0.0,50,5300,50
50,0,210,0.0,15,700,350
51,0,210,0.0,50,9900,150
52,0,210,0.0,15,6750,450
53,0,210,0.0,45,500,50
54,0,210,0.0,25,900,150
55,0,210,0.0,50,3900,100
56,0,210,0.0,40,3200,200
57,0,210,0.0,35,3750,250
58,0,210,0.0,35,8800,100
59,0,210,0.0,35,3200,400
60,0,210,0.0,30,5400,450
61,0,210,0.0,30,3600,400
62,0,210,0.0,30,3500,250
63,0,210,0.0,20,5400,150
64,0,210,0.0,25,6000,500
65,0,210,0.0,20,4550,350
66,0,210,0.0,35,3600,450
67,0,210,0.0,30,7200,200
68,0,210,0.0,25,3600,400
69,0,210,0.0,25,7500,150
70,0,210,0.0,30,5100,150
71,0,210,0.0,15,7050,150
72,0,210,0.0,45,8400,300
73,0,210,0.0,20,1000,200
74,0,210,0.0,50,10000,200
75,0,210,0.0,5,3900,300
76,0,210,0.0,15,5750,250
77,0,210,0.0,30,5100,300
78,0,210,0.0,10,10000,500
79,0,210,0.0,45,500,500
80,0,210,0.0,50,400,200
81,0,210,0.0,50,6650,350
82,0,210,0.0,30,3250,50
83,0,210,0.0,10,400,100
84,0,210,0.0,20,6000,400
85,0,210,0.0,45,10000,500
86,0,210,0.0,50,5100,150
87,0,210,0.0,30,2450,350
88,0,210,0.0,30,400,200
89,0,210,0.0,10,4500,500
90,0,210,0.0,30,650,50
91,0,210,0.0,45,5100,300
92,0,210,0.0,30,5600,200
93,0,210,0.0,40,9000,500
94,0,210,0.0,25,4000,500
95,0,210,0.0,10,2000,500
96,0,210,0.0,50,6800,200
97,0,210,0.0,35,6300,450
98,0,210,0.0,5,5550,150
99,0,210,0.0,15,4500,300
100,0,210,0.0,25,2800,400
101,0,210,0.0,30,1350,150
102,0,210,0.0,20,1000,200
103,0,210,0.0,5,7500,50
104,0,210,0.0,35,7950,150
105,0,210,0.0,50,9600,300
106,0,210,0.0,5,4200,300
107,0,210,0.0,45,2250,250
108,0,210,0.0,10,5200,400
109,0,210,0.0,30,8750,250
110,0,210,0.0,45,1600,100
111,0,210,0.0,5,9500,500
112,0,210,0.0,40,7050,150
113,0,210,0.0,35,2500,500
114,0,210,0.0,35,5000,50
115,0,210,0.0,40,2500,500
116,0,210,0.0,40,4400,400
117,0,210,0.0,10,8000,200
118,0,210,0.0,45,800,400
119,0,210,0.0,30,250,250
120,0,210,0.0,5,7000,500
121,0,210,0.0,10,2100,50
122,0,210,0.0,20,400,400
123,0,210,0.0,35,1750,350
124,0,210,0.0,20,3750,150
125,0,210,0.0,15,4500,450
126,0,210,0.0,25,6600,300
127,0,210,0.0,40,4200,300
128,0,210,0.0,35,8550,450
129,0,210,0.0,25,7200,450
130,0,210,0.0,50,700,100
131,0,210,0.0,15,9200,200
132,0,210,0.0,20,8400,300
133,0,210,0.0,40,2800,100
134,0,210,0.0,50,6000,250
135,0,210,0.0,20,2100,150
136,0,210,0.0,45,3150,450
137,0,210,0.0,25,500,500
138,0,210,0.0,40,1350,450
139,0,210,0.0,10,4550,50
140,0,210,0.0,40,6500,50
141,0,210,0.0,10,4500,450
142,0,210,0.0,30,2250,450
143,0,210,0.0,15,4800,200
144,0,210,0.0,25,5600,350
145,0,210,0.0,10,6650,350
146,0,210,0.0,45,1100,50
147,0,210,0.0,45,10000,400
148,0,210,0.0,20,5600,350
149,0,210,0.0,40,2250,450
150,0,210,0.0,45,6000,400
151,0,210,0.0,25,4500,300
152,0,210,0.0,35,200,200
153,0,210,0.0,15,1450,50
154,0,210,0.0,25,5500,100
155,0,210,0.0,10,4000,100
156,0,210,0.0,40,8750,250
157,0,210,0.0,35,3200,200
158,0,210,0.0,20,7500,250
159,0,210,0.0,45,1800,200
160,0,210,0.0,45,8800,200
161,0,210,0.0,15,1250,250
162,0,210,0.0,20,9450,450
163,0,210,0.0,5,1250,250
164,0,210,0.0,40,4750,250
165,0,210,0.0,20,9750,150
166,0,210,0.0,5,3400,200
167,0,210,0.0,15,3600,400
168,0,210,0.0,45,2700,450
169,0,210,0.0,15,7800,100
170,0,210,0.0,5,5100,300
171,0,210,0.0,45,8800,100
172,0,210,0.0,45,900,450
173,0,210,0.0,40,5900,100
174,0,210,0.0,50,3600,450
175,0,210,0.0,40,3450,150
176,0,210,0.0,20,6400,400
177,0,210,0.0,40,6000,500
178,0,210,0.0,50,9500,250
179,0,210,0.0,20,300,100
180,0,210,0.0,35,7500,500
181,0,210,0.0,45,3600,450
182,0,210,0.0,40,1350,450
183,0,210,0.0,5,5700,150
184,0,210,0.0,40,2900,100
185,0,210,0.0,45,800,100
186,0,210,0.0,35,8550,450
187,0,210,0.0,5,9450,350
188,0,210,0.0,20,5200,200
189,0,210,0.0,5,4000,500
190,0,210,0.0,45,7200,150
191,0,210,0.0,35,900,450
192,0,210,0.0,15,2800,200
193,0,210,0.0,15,10000,200
194,0,210,0.0,15,9800,350
195,0,210,0.0,35,7800,200
196,0,210,0.0,20,4800,400
197,0,210,0.0,30,9300,100
198,0,210,0.0,35,5250,350
199,0,210,0.0,30,3400,200
200,0,210,0.0,20,4950,450
201,0,210,0.0,35,7200,200
202,0,210,0.0,15,9500,500
203,0,210,0.0,25,3500,250
204,0,210,0.0,15,9450,350
205,0,210,0.0,35,9300,300
206,0,210,0.0,15,8550,150
207,0,210,0.0,50,3200,100
208,0,210,0.0,25,1500,250
209,0,210,0.0,40,9000,250
210,0,210,0.0,30,500,250
211,0,210,0.0,30,4200,350
212,0,210,0.0,5,600,200
213,0,210,0.0,50,7200,200
214,0,210,0.0,50,2500,500
215,0,210,0.0,25,9000,500
216,0,210,0.0,30,1600,400
217,0,210,0.0,15,3600,300
218,0,210,0.0,40,7200,100
219,0,210,0.0,15,450,150
220,0,210,0.0,45,3900,300
221,0,210,0.0,10,1250,250
222,0,210,0.0,40,4200,350
223,0,210,0.0,50,3750,250
224,0,210,0.0,10,2000,250
225,0,210,0.0,10,2100,350
226,0,210,0.0,5,7000,250
227,0,210,0.0,35,4200,50
228,0,210,0.0,15,9300,300
229,0,210,0.0,20,6300,450
230,0,210,0.0,40,2550,50
231,0,210,0.0,50,2250,250
232,0,210,0.0,15,7800,300
233,0,210,0.0,30,2800,400
234,0,210,0.0,50,7750,250
235,0,210,0.0,25,7350,350
236,0,210,0.0,25,4400,200
237,0,210,0.0,50,400,400
238,0,210,0.0,50,2750,250
239,0,210,0.0,30,3600,150
240,0,210,0.0,15,4800,200
241,0,210,0.0,35,6300,350
242,0,210,0.0,45,6900,150
243,0,210,0.0,50,3850,50
244,0,210,0.0,30,8750,250
245,0,210,0.0,30,1000,200
246,0,210,0.0,35,8000,400
247,0,210,0.0,5,3300,300
248,0,210,0.0,5,7200,400
249,0,210,0.0,20,7500,50
250,0,210,0.0,30,4500,500
251,0,210,0.0,50,4500,300
252,0,210,0.0,45,800,400
253,0,210,0.0,50,5700,300
254,0,210,0.0,40,1900,100
255,0,210,0.0,15,9500,500
256,0,210,0.0,20,5600,400
257,0,210,0.0,20,3250,250
258,0,210,0.0,50,4200,200
259,0,210,0.0,30,3750,150
260,0,210,0.0,35,7350,150
261,0,210,0.0,15,4800,200
262,0,210,0.0,50,5000,200
263,0,210,0.0,40,350,350
264,0,210,0.0,40,7650,450
265,0,210,0.0,50,8400,200
266,0,210,0.0,15,4800,400
267,0,210,0.0,20,9800,200
268,0,210,0.0,25,8400,350
269,0,210,0.0,50,7200,300
270,0,210,0.0,15,1650,50
271,0,210,0.0,40,5850,150
272,0,210,0.0,30,2400,150
273,0,210,0.0,45,2100,350
274,0,210,0.0,25,4950,450
275,0,210,0.0,5,5800,200
276,0,210,0.0,35,9000,500
277,0,210,0.0,30,6750,150
278,0,210,0.0,40,1400,200
279,0,210,0.0,30,2000,100
280,0,210,0.0,5,5750,50
281,0,210,0.0,25,5950,350
282,0,210,0.0,30,7200,400
283,0,210,0.0,5,5000,200
284,0,210,0.0,35,7500,500
285,0,210,0.0,10,4000,500
286,0,210,0.0,35,1200,400
287,0,210,0.0,15,3850,350
288,0,210,0.0,25,9450,350
289,0,210,0.0,35,6750,450
290,0,210,0.0,25,1950,150
291,0,210,0.0,15,7800,300
292,0,210,0.0,45,6750,450
293,0,210,0.0,35,7000,500
294,0,210,0.0,45,1050,150
295,0,210,0.0,5,6300,450
296,0,210,0.0,35,2200,200
297,0,210,0.0,30,8500,50
298,0,210,0.0,20,4200,300
299,0,210,0.0,20,450,50
300,0,210,0.0,25,5100,100
301,0,210,0.0,45,7650,450
302,0,210,0.0,35,2600,50
303,0,210,0.0,5,3150,350
304,0,210,0.0,5,2750,250
305,0,210,0.0,5,1000,500
306,0,210,0.0,45,2000,200
307,0,210,0.0,25,8550,450
308,0,210,0.0,45,1200,150
309,0,210,0.0,50,9800,350
310,0,210,0.0,45,9250,250
311,0,210,0.0,35,2250,150
312,0,210,0.0,10,7050,150
313,0,210,0.0,50,6300,50
314,0,210,0.0,15,9500,500
315,0,210,0.0,30,600,100
316,0,210,0.0,40,2200,200
317,0,210,0.0,35,8750,250
318,0,210,0.0,15,8500,250
319,0,210,0.0,20,9450,350
320,0,210,0.0,10,6300,450
321,0,210,0.0,40,2800,200
322,0,210,0.0,50,9000,450
323,0,210,0.0,20,4800,50
324,0,210,0.0,25,3150,450
325,0,210,0.0,25,3250,250
326,0,210,0.0,15,8050,350
327,0,210,0.0,40,8400,200
328,0,210,0.0,35,6600,150
329,0,210,0.0,50,6900,300
330,0,210,0.0,10,500,500
331,0,210,0.0,40,9400,100
332,0,210,0.0,10,9000,500
333,0,210,0.0,30,1500,250
334,0,210,0.0,30,4500,300
335,0,210,0.0,15,9900,450
336,0,210,0.0,40,5550,150
337,0,210,0.0,40,1000,500
338,0,210,0.0,5,9600,200
339,0,210,0.0,10,4400,400
340,0,210,0.0,5,9450,450
341,0,210,0.0,10,9100,350
342,0,210,0.0,20,1900,100
343,0,210,0.0,35,6000,300
344,0,210,0.0,40,6000,150
345,0,210,0.0,40,1350,450
346,0,210,0.0,50,8100,150
347,0,210,0.0,10,5250,350
348,0,210,0.0,25,8000,250
349,0,210,0.0,50,9000,300
350,0,210,0.0,10,6750,50
351,0,210,0.0,30,5850,150
352,0,210,0.0,10,5400,200
353,0,210,0.0,35,9300,150
354,0,210,0.0,20,150,50
355,0,210,0.0,15,2100,350
356,0,210,0.0,10,10000,500
357,0,210,0.0,25,3150,350
358,0,210,0.0,20,2400,150
359,0,210,0.0,35,4800,400
360,0,210,0.0,50,6900,300
361,0,210,0.0,25,7600,400
362,0,210,0.0,40,8000,400
363,0,210,0.0,35,6900,150
364,0,210,0.0,45,4000,500
365,0,210,0.0,20,9200,100
366,0,210,0.0,15,6800,100
367,0,210,0.0,30,2000,400
368,0,210,0.0,30,3200,400
369,0,210,0.0,50,2700,300
370,0,210,0.0,30,550,50
371,0,210,0.0,5,7000,350
372,0,210,0.0,45,10000,250
373,0,210,0.0,25,7000,500
374,0,210,0.0,25,3900,150
375,0,210,0.0,10,8250,150
376,0,210,0.0,10,1350,150
377,0,210,0.0,5,7800,200
378,0,210,0.0,40,7200,200
379,0,210,0.0,35,8400,150
380,0,210,0.0,5,4200,350
381,0,210,0.0,50,9500,100
382,0,210,0.0,15,6000,500
383,0,210,0.0,15,8400,400
384,0,210,0.0,20,4400,400
385,0,210,0.0,5,1350,150
386,0,210,0.0,20,9600,150
387,0,210,0.0,50,4800,400
388,0,210,0.0,40,8750,350
389,0,210,0.0,15,4900,350
390,0,210,0.0,35,8900,50
391,0,210,0.0,15,700,350
392,0,210,0.0,5,8100,300
393,0,210,0.0,25,3150,450
394,0,210,0.0,30,600,300
395,0,210,0.0,5,4200,300
396,0,210,0.0,10,6750,450
397,0,210,0.0,15,2500,500
398,0,210,0.0,5,1500,300
399,0,210,0.0,40,7700,50
400,0,210,0.0,25,9000,500
401,0,210,0.0,20,7800,150
402,0,210,0.0,40,1350,450
403,0,210,0.0,20,4400,200
404,0,210,0.0,45,2850,150
405,0,210,0.0,35,9000,150
406,0,210,0.0,50,3500,500
407,0,210,0.0,30,9450,350
408,0,210,0.0,15,6650,50
409,0,210,0.0,20,7800,50
410,0,210,0.0,40,4500,250
411,0,210,0.0,20,4800,300
412,0,210,0.0,35,4850,50
413,0,210,0.0,10,1000,500
414,0,210,0.0,5,1500,250
415,0,210,0.0,20,9600,300
416,0,210,0.0,35,5600,350
417,0,210,0.0,15,1000,500
418,0,210,0.0,50,8400,100
419,0,210,0.0,45,4550,350
420,0,210,0.0,25,1050,350
421,0,210,0.0,45,4800,400
422,0,210,0.0,30,1800,450
423,0,210,0.0,35,2800,350
424,0,210,0.0,45,4300,100
425,0,210,0.0,45,6650,350
426,0,210,0.0,30,3250,250
427,0,210,0.0,50,2250,250
428,0,210,0.0,50,3150,450
429,0,210,0.0,10,3500,250
430,0,210,0.0,25,900,450
431,0,210,0.0,20,6600,200
432,0,210,0.0,20,8800,400
433,0,210,0.0,5,1600,100
434,0,210,0.0,20,9900,300
435,0,210,0.0,15,7200,400
436,0,210,0.0,45,1350,450
437,0,210,0.0,30,5000,500
438,0,210,0.0,30,2600,100
439,0,210,0.0,10,3600,300
440,0,210,0.0,50,9850,50
441,0,210,0.0,35,8400,100
442,0,210,0.0,45,3400,200
443,0,210,0.0,15,4900,350
444,0,210,0.0,30,1050,350
445,0,210,0.0,15,9900,300
446,0,210,0.0,30,5200,400
447,0,210,0.0,20,8550,50
448,0,210,0.0,50,1050,150
449,0,210,0.0,5,7800,200
450,0,210,0.0,5,4800,50
451,0,210,0.0,20,3150,150
452,0,210,0.0,30,4350,150
453,0,210,0.0,10,7200,400
454,0,210,0.0,5,3600,300
455,0,210,0.0,5,5850,450
456,0,210,0.0,25,9750,150
457,0,210,0.0,35,2000,500
458,0,210,0.0,40,150,150
459,0,210,0.0,50,2800,100
460,0,210,0.0,45,400,100
461,0,210,0.0,5,6000,400
462,0,210,0.0,30,8750,250
463,0,210,0.0,5,9600,400
464,0,210,0.0,30,1400,350
465,0,210,0.0,45,500,100
466,0,210,0.0,50,8000,250
467,0,210,0.0,10,8450,50
468,0,210,0.0,40,1400,350
469,0,210,0.0,20,7000,100
470,0,210,0.0,30,7250,50
471,0,210,0.0,10,8500,500
472,0,210,0.0,45,3600,300
473,0,210,0.0,50,1350,450
474,0,210,0.0,50,2100,300
475,0,210,0.0,10,3900,150
476,0,210,0.0,30,9200,400
477,0,210,0.0,35,9600,400
478,0,210,0.0,10,5950,350
479,0,210,0.0,20,1350,450
480,0,210,0.0,15,8000,500
481,0,210,0.0,50,8750,250
482,0,210,0.0,40,5200,200
483,0,210,0.0,10,8600,50
484,0,210,0.0,20,5800,200
485,0,210,0.0,40,5550,150
486,0,210,0.0,20,5850,150
487,0,210,0.0,5,3200,200
488,0,210,0.0,5,8000,400
489,0,210,0.0,35,1000,250
490,0,210,0.0,50,6300,300
491,0,210,0.0,50,8100,450
492,0,210,0.0,35,6500,250
493,0,210,0.0,45,4750,250
494,0,210,0.0,50,1000,500
495,0,210,0.0,25,9400,50
496,0,210,0.0,45,5550,150
497,0,210,0.0,50,4200,350
498,0,210,0.0,30,8800,100
499,0,210,0.0,45,4600,200
500,0,210,0.0,45,2700,450
501,0,210,0.0,20,2400,400
502,0,210,0.0,5,7350,350
503,0,210,0.0,5,6600,150
504,0,210,0.0,25,4400,400
505,0,210,0.0,50,2250,450
506,0,210,0.0,25,3900,150
507,0,210,0.0,45,3200,200
508,0,210,0.0,50,400,400
509,0,210,0.0,10,8550,150
510,0,210,0.0,45,8550,450
511,0,210,0.0,40,9500,250
512,0,210,0.0,30,350,350
513,0,210,0.0,45,7400,100
514,0,210,0.0,30,3200,200
515,0,210,0.0,5,7500,250
516,0,210,0.0,30,10000,500
517,0,210,0.0,50,2450,350
518,0,210,0.0,35,9450,450
519,0,210,0.0,15,8350,50
520,0,210,0.0,35,1800,300
521,0,210,0.0,20,6300,350
522,0,210,0.0,50,5850,150
523,0,210,0.0,25,300,300
524,0,210,0.0,35,9600,200
525,0,210,0.0,30,5400,300
526,0,210,0.0,35,3600,100
527,0,210,0.0,10,900,150
528,0,210,0.0,50,4000,500
529,0,210,0.0,35,3300,300
530,0,210,0.0,45,9200,400
531,0,210,0.0,50,4500,250
532,0,210,0.0,20,8000,500
533,0,210,0.0,5,600,200
534,0,210,0.0,50,6000,100
535,0,210,0.0,40,4500,500
536,0,210,0.0,50,3700,100
537,0,210,0.0,25,2250,150
538,0,210,0.0,5,7600,200
539,0,210,0.0,5,8800,200
540,0,210,0.0,20,2400,300
541,0,210,0.0,50,2400,400
542,0,210,0.0,5,3900,300
543,0,210,0.0,35,2800,350
544,0,210,0.0,5,10000,250
545,0,210,0.0,30,5850,450
546,0,210,0.0,40,100,100
547,0,210,0.0,5,4000,200
548,0,210,0.0,50,100,50
549,0,210,0.0,45,7700,100
550,0,210,0.0,30,2800,200
551,0,210,0.0,10,3850,350
552,0,210,0.0,5,3100,100
553,0,210,0.0,10,500,500
554,0,210,0.0,15,4500,250
555,0,210,0.0,5,2400,200
556,0,210,0.0,40,9000,500
557,0,210,0.0,45,4400,400
558,0,210,0.0,20,5500,250
559,0,210,0.0,45,10000,200
560,0,210,0.0,35,9450,450
561,0,210,0.0,10,2450,350
562,0,210,0.0,10,7650,450
563,0,210,0.0,20,400,400
564,0,210,0.0,50,2850,150
565,0,210,0.0,15,5400,200
566,0,210,0.0,50,1200,300
567,0,210,0.0,20,2500,100
568,0,210,0.0,25,7500,250
569,0,210,0.0,35,7700,350
570,0,210,0.0,10,6750,150
571,0,210,0.0,20,3000,100
572,0,210,0.0,45,8850,50
573,0,210,0.0,40,1000,500
574,0,210,0.0,40,9150,150
575,0,210,0.0,35,6750,450
576,0,210,0.0,45,5850,450
577,0,210,0.0,15,2000,400
578,0,210,0.0,40,4950,450
579,0,210,0.0,10,500,250
580,0,210,0.0,30,7500,250
581,0,210,0.0,5,750,250
582,0,210,0.0,50,4500,450
583,0,210,0.0,35,700,350
584,0,210,0.0,35,4200,200
585,0,210,0.0,25,5200,400
586,0,210,0.0,20,6150,150
587,0,210,0.0,10,7600,200
588,0,210,0.0,5,4800,150
589,0,210,0.0,40,9400,50
590,0,210,0.0,5,5350,50
591,0,210,0.0,20,4500,300
592,0,210,0.0,30,9000,500
593,0,210,0.0,45,7300,100
594,0,210,0.0,30,5300,100
595,0,210,0.0,10,7200,200
596,0,210,0.0,10,7150,50
597,0,210,0.0,45,3600,450
598,0,210,0.0,10,3750,150
599,0,210,0.0,5,5550,50
600,0,210,0.0,35,5900,100
601,0,210,0.0,15,9600,400
602,0,210,0.0,45,10000,100
603,0,210,0.0,15,2700,50
604,0,210,0.0,5,9000,250
605,0,210,0.0,40,1750,350
606,0,210,0.0,20,8800,400
607,0,210,0.0,45,3900,100
608,0,210,0.0,10,2450,350
609,0,210,0.0,30,2250,250
610,0,210,0.0,15,4400,200
611,0,210,0.0,35,6800,100
612,0,210,0.0,30,1700,100
613,0,210,0.0,5,9000,250
614,0,210,0.0,5,1750,250
615,0,210,0.0,45,9300,150
616,0,210,0.0,10,6300,450
617,0,210,0.0,15,1900,50
618,0,210,0.0,25,6500,50
619,0,210,0.0,50,9750,150
620,0,210,0.0,10,7650,450
621,0,210,0.0,40,9400,100
622,0,210,0.0,15,4500,500
623,0,210,0.0,20,3500,50
624,0,210,0.0,40,8800,200
625,0,210,0.0,15,6000,50
626,0,210,0.0,20,7000,100
627,0,210,0.0,25,2600,100
628,0,210,0.0,50,3000,250
629,0,210,0.0,5,5600,350
630,0,210,0.0,40,9000,200
631,0,210,0.0,40,2600,200
632,0,210,0.0,20,3650,50
633,0,210,0.0,50,2250,450
634,0,210,0.0,20,1350,450
635,0,210,0.0,50,900,450
636,0,210,0.0,45,6950,50
637,0,210,0.0,30,8100,300
638,0,210,0.0,35,2250,450
639,0,210,0.0,40,2900,100
640,0,210,0.0,10,3000,50
641,0,210,0.0,5,9600,300
642,0,210,0.0,5,2400,300
643,0,210,0.0,45,1400,200
644,0,210,0.0,15,500,500
645,0,210,0.0,5,8400,100
646,0,210,0.0,50,9800,200
647,0,210,0.0,15,10000,400
648,0,210,0.0,25,9450,450
649,0,210,0.0,25,2950,50
650,0,210,0.0,50,400,200
651,0,210,0.0,40,2900,100
652,0,210,0.0,10,8400,150
653,0,210,0.0,45,3900,50
654,0,210,0.0,10,4000,50
655,0,210,0.0,35,9000,500
656,0,210,0.0,50,9600,300
657,0,210,0.0,45,9450,450
658,0,210,0.0,5,9250,250
659,0,210,0.0,35,7500,250
660,0,210,0.0,15,6000,400
661,0,210,0.0,15,5750,250
662,0,210,0.0,35,5800,200
663,0,210,0.0,15,6300,450
664,0,210,0.0,5,100,100
665,0,210,0.0,5,6600,300
666,0,210,0.0,35,9200,400
667,0,210,0.0,5,4950,450
668,0,210,0.0,35,3850,350
669,0,210,0.0,20,8400,200
670,0,210,0.0,20,6500,100
671,0,210,0.0,40,9500,500
672,0,210,0.0,20,6600,300
673,0,210,0.0,35,4400,400
674,0,210,0.0,50,750,150
675,0,210,0.0,20,10000,400
676,0,210,0.0,10,9450,350
677,0,210,0.0,45,3500,50
678,0,210,0.0,20,3500,250
679,0,210,0.0,25,1500,500
680,0,210,0.0,45,4500,50
681,0,210,0.0,45,9300,300
682,0,210,0.0,30,3150,450
683,0,210,0.0,30,1400,350
684,0,210,0.0,25,10000,250
685,0,210,0.0,35,3750,250
686,0,210,0.0,5,8400,400
687,0,210,0.0,50,2450,350
688,0,210,0.0,25,2500,100
689,0,210,0.0,15,400,400
690,0,210,0.0,10,800,100
691,0,210,0.0,10,5400,450
692,0,210,0.0,35,4700,100
693,0,210,0.0,50,1600,400
694,0,210,0.0,20,7000,100
695,0,210,0.0,45,4500,450
696,0,210,0.0,45,8700,100
697,0,210,0.0,15,7650,450
698,0,210,0.0,35,7350,50
699,0,210,0.0,25,8700,300
700,0,210,0.0,10,5400,450
701,0,210,0.0,30,8050,350
702,0,210,0.0,5,4000,500
703,0,210,0.0,20,6000,150
704,0,210,0.0,5,9650,50
705,0,210,0.0,45,4950,450
706,0,210,0.0,45,8600,100
707,0,210,0.0,40,6500,500
708,0,210,0.0,50,3300,100
709,0,210,0.0,50,7600,400
710,0,210,0.0,10,6000,150
711,0,210,0.0,25,1200,400
712,0,210,0.0,40,1200,400
713,0,210,0.0,10,2250,250
714,0,210,0.0,30,9600,200
715,0,210,0.0,30,350,350
716,0,210,0.0,5,4400,200
717,0,210,0.0,40,800,200
718,0,210,0.0,10,1200,300
719,0,210,0.0,5,9000,250
720,0,210,0.0,50,1200,400
721,0,210,0.0,10,3500,250
722,0,210,0.0,10,4000,400
723,0,210,0.0,40,3200,400
724,0,210,0.0,10,1600,400
725,0,210,0.0,5,4000,250
726,0,210,0.0,10,9250,250
727,0,210,0.0,45,8100,450
728,0,210,0.0,5,7700,100
729,0,210,0.0,15,4700,50
730,0,210,0.0,5,5700,300
731,0,210,0.0,25,950,50
732,0,210,0.0,45,3600,450
733,0,210,0.0,10,8000,200
734,0,210,0.0,25,4200,200
735,0,210,0.0,45,1650,150
736,0,210,0.0,35,5400,450
737,0,210,0.0,40,5500,500
738,0,210,0.0,5,3150,450
739,0,210,0.0,10,2000,500
740,0,210,0.0,30,4100,100
741,0,210,0.0,40,2000,100
742,0,210,0.0,15,400,400
743,0,210,0.0,25,6900,300
744,0,210,0.0,5,8000,50
745,0,210,0.0,35,2200,100
746,0,210,0.0,25,5600,400
747,0,210,0.0,30,4400,400
748,0,210,0.0,15,5500,250
749,0,210,0.0,45,7750,250
750,0,210,0.0,50,9500,250
751,0,210,0.0,50,4500,450
752,0,210,0.0,40,1500,250
753,0,210,0.0,30,6900,300
754,0,210,0.0,15,3000,150
755,0,210,0.0,5,9450,50
756,0,210,0.0,35,1350,450
757,0,210,0.0,30,7800,300
758,0,210,0.0,5,2800,200
759,0,210,0.0,10,2400,400
760,0,210,0.0,20,9750,250
761,0,210,0.0,20,3000,500
762,0,210,0.0,20,7700,350
763,0,210,0.0,45,6000,500
764,0,210,0.0,15,6000,500
765,0,210,0.0,45,5300,100
766,0,210,0.0,5,2200,200
767,0,210,0.0,45,1500,500
768,0,210,0.0,35,4200,200
769,0,210,0.0,15,8400,50
770,0,210,0.0,30,8550,450
771,0,210,0.0,15,7250,250
772,0,210,0.0,10,2400,200
773,0,210,0.0,15,7050,150
774,0,210,0.0,50,6600,150
775,0,210,0.0,5,5000,500
776,0,210,0.0,5,4200,200
777,0,210,0.0,40,350,350
778,0,210,0.0,5,6000,200
779,0,210,0.0,15,9900,300
780,0,210,0.0,40,7150,50
781,0,210,0.0,25,8400,350
782,0,210,0.0,25,300,300
783,0,210,0.0,25,6600,150
784,0,210,0.0,45,400,200
785,0,210,0.0,10,9900,450
786,0,210,0.0,45,5000,500
787,0,210,0.0,10,7650,450
788,0,210,0.0,40,2600,200
789,0,210,0.0,40,1050,350
790,0,210,0.0,50,2000,250
791,0,210,0.0,40,7350,350
792,0,210,0.0,30,1600,50
793,0,210,0.0,10,900,300
794,0,210,0.0,10,3000,250
795,0,210,0.0,35,3300,100
796,0,210,0.0,30,5700,300
797,0,210,0.0,20,3200,400
798,0,210,0.0,40,9900,300
799,0,210,0.0,35,8050,350
800,0,210,0.0,35,3000,300
801,0,210,0.0,30,3800,200
802,0,210,0.0,45,6600,300
803,0,210,0.0,20,8900,100
804,0,210,0.0,45,7200,300
805,0,210,0.0,5,1500,300
806,0,210,0.0,50,5500,100
807,0,210,0.0,45,450,450
808,0,210,0.0,5,7500,500
809,0,210,0.0,25,7200,450
810,0,210,0.0,40,6800,200
811,0,210,0.0,30,2700,300
812,0,210,0.0,50,5000,500
813,0,210,0.0,10,8000,400
814,0,210,0.0,10,1950,150
815,0,210,0.0,20,4800,200
816,0,210,0.0,35,7750,250
817,0,210,0.0,5,4000,100
818,0,210,0.0,25,9300,300
819,0,210,0.0,5,1800,100
820,0,210,0.0,35,7200,200
821,0,210,0.0,45,5700,150
822,0,210,0.0,20,5500,500
823,0,210,0.0,50,6800,50
824,0,210,0.0,10,5250,250
825,0,210,0.0,30,3300,300
826,0,210,0.0,35,5700,300
827,0,210,0.0,25,7850,50
828,0,210,0.0,10,2000,250
829,0,210,0.0,5,400,400
830,0,210,0.0,50,5800,200
831,0,210,0.0,10,600,200
832,0,210,0.0,15,6300,350
833,0,210,0.0,30,8200,200
834,0,210,0.0,20,7500,150
835,0,210,0.0,30,3000,500
836,0,210,0.0,5,5200,200
837,0,210,0.0,40,2450,350
838,0,210,0.0,45,5600,350
839,0,210,0.0,15,8100,300
840,0,210,0.0,50,4800,300
841,0,210,0.0,45,2100,300
842,0,210,0.0,10,3500,100
843,0,210,0.0,50,9000,250
844,0,210,0.0,15,3600,50
845,0,210,0.0,25,1800,450
846,0,210,0.0,5,5250,250
847,0,210,0.0,35,9900,300
848,0,210,0.0,10,4500,300
849,0,210,0.0,20,4400,400
850,0,210,0.0,40,8400,150
851,0,210,0.0,50,1200,300
852,0,210,0.0,15,10000,500
853,0,210,0.0,40,6600,150
854,0,210,0.0,30,4200,350
855,0,210,0.0,15,8800,400
856,0,210,0.0,20,6000,500
857,0,210,0.0,45,8500,250
858,0,210,0.0,10,5250,350
859,0,210,0.0,15,300,300
860,0,210,0.0,10,10000,250
861,0,210,0.0,5,2450,50
862,0,210,0.0,25,4000,100
863,0,210,0.0,25,4200,300
864,0,210,0.0,5,5100,150
865,0,210,0.0,40,5750,250
866,0,210,0.0,35,8250,150
867,0,210,0.0,25,2700,450
868,0,210,0.0,30,2000,200
869,0,210,0.0,20,5400,300
870,0,210,0.0,45,4550,50
871,0,210,0.0,10,2100,350
872,0,210,0.0,40,4000,250
873,0,210,0.0,35,6000,300
874,0,210,0.0,15,1750,250
875,0,210,0.0,45,6000,300
876,0,210,0.0,45,400,400
877,0,210,0.0,45,7250,250
878,0,210,0.0,35,1000,500
879,0,210,0.0,10,4800,400
880,0,210,0.0,45,4600,200
881,0,210,0.0,5,6650,350
882,0,210,0.0,20,7000,350
883,0,210,0.0,20,6000,300
884,0,210,0.0,5,8900,100
885,0,210,0.0,10,2800,400
886,0,210,0.0,35,4550,350
887,0,210,0.0,30,4950,450
888,0,210,0.0,20,4850,50
889,0,210,0.0,30,900,450
890,0,210,0.0,35,6000,300
891,0,210,0.0,15,6500,500
892,0,210,0.0,50,9500,500
893,0,210,0.0,25,600,200
894,0,210,0.0,40,5400,450
895,0,210,0.0,25,1000,200
896,0,210,0.0,40,7600,200
897,0,210,0.0,15,7500,150
898,0,210,0.0,20,3900,300
899,0,210,0.0,30,8500,250
900,0,210,0.0,50,800,200
901,0,210,0.0,35,5000,100
902,0,210,0.0,5,9000,450
903,0,210,0.0,35,5000,500
904,0,210,0.0,50,1200,300
905,0,210,0.0,25,8000,50
906,0,210,0.0,20,7200,50
907,0,210,0.0,45,1000,100
908,0,210,0.0,10,1600,100
909,0,210,0.0,40,2100,350
910,0,210,0.0,5,2300,100
911,0,210,0.0,5,3500,350
912,0,210,0.0,5,3000,150
913,0,210,0.0,25,9900,150
914,0,210,0.0,20,2450,350
915,0,210,0.0,35,450,450
916,0,210,0.0,15,5500,500
917,0,210,0.0,15,6150,150
918,0,210,0.0,15,6400,400
919,0,210,0.0,50,2250,450
920,0,210,0.0,5,6600,200
921,0,210,0.0,30,7600,100
922,0,210,0.0,5,7500,100
923,0,210,0.0,15,7200,400
924,0,210,0.0,20,6800,50
925,0,210,0.0,5,1650,150
926,0,210,0.0,30,7400,200
927,0,210,0.0,30,10000,200
928,0,210,0.0,15,8700,150
929,0,210,0.0,40,2700,300
930,0,210,0.0,15,6600,200
931,0,210,0.0,45,900,450
932,0,210,0.0,20,3150,350
933,0,210,0.0,20,3700,50
934,0,210,0.0,10,3750,250
935,0,210,0.0,10,8550,450
936,0,210,0.0,5,2000,250
937,0,210,0.0,45,8500,500
938,0,210,0.0,20,6300,450
939,0,210,0.0,10,1750,350
940,0,210,0.0,15,5450,50
941,0,210,0.0,25,5100,100
942,0,210,0.0,30,3150,350
943,0,210,0.0,5,2000,500
944,0,210,0.0,15,7200,300
945,0,210,0.0,50,5600,400
946,0,210,0.0,25,4800,300
947,0,210,0.0,35,1750,250
948,0,210,0.0,5,3700,100
949,0,210,0.0,20,2850,150
950,0,210,0.0,50,2700,150
951,0,210,0.0,45,150,150
952,0,210,0.0,5,400,400
953,0,210,0.0,15,3000,250
954,0,210,0.0,20,4550,350
955,0,210,0.0,20,9200,200
956,0,210,0.0,30,4200,300
957,0,210,0.0,15,9100,350
958,0,210,0.0,20,3150,150
959,0,210,0.0,35,6750,450
960,0,210,0.0,15,750,250
961,0,210,0.0,20,6800,100
962,0,210,0.0,20,6300,300
963,0,210,0.0,40,5500,50
964,0,210,0.0,45,9300,100
965,0,210,0.0,30,3200,400
966,0,210,0.0,45,3450,150
967,0,210,0.0,10,4500,300
968,0,210,0.0,10,2100,150
969,0,210,0.0,5,5500,100
970,0,210,0.0,15,4000,400
971,0,210,0.0,50,5600,200
972,0,210,0.0,15,350,50
973,0,210,0.0,25,7000,500
974,0,210,0.0,15,8800,200
975,0,210,0.0,25,7350,350
976,0,210,0.0,40,6600,300
977,0,210,0.0,50,6500,50
978,0,210,0.0,5,6200,200
979,0,210,0.0,5,9000,250
980,0,210,0.0,45,1800,450
981,0,210,0.0,40,2400,400
982,0,210,0.0,5,1100,50
983,0,210,0.0,5,4000,200
984,0,210,0.0,5,400,400
985,0,210,0.0,10,4500,500
986,0,210,0.0,50,7050,150
987,0,210,0.0,10,4650,150
988,0,210,0.0,25,8650,50
989,0,210,0.0,35,2200,100
990,0,210,0.0,40,2700,450
991,0,210,0.0,50,3600,300
992,0,210,0.0,35,2450,50
993,0,210,0.0,5,3200,50
994,0,210,0.0,40,1000,500
995,0,210,0.0,35,8400,300
996,0,210,0.0,40,6950,50
997,0,210,0.0,25,2600,100
998,0,210,0.0,5,800,400
999,0,210,0.0,45,3100,100
1000,0,210,0.0,30,6300,350
1001,0,210,0.0,10,9250,50
1002,0,210,0.0,30,6750,150
1003,0,210,0.0,25,2000,200
1004,0,210,0.0,10,5400,300
1005,0,210,0.0,50,7600,400
1006,0,210,0.0,35,6000,150
1007,0,210,0.0,5,9450,350
1008,0,210,0.0,15,2100,100
1009,0,210,0.0,50,8500,250
1010,0,210,0.0,10,2000,500
1011,0,210,0.0,50,5250,150
1012,0,210,0.0,5,800,400
1013,0,210,0.0,25,6800,400
1014,0,210,0.0,25,2750,250
1015,0,210,0.0,20,2200,200
1016,0,210,0.0,20,4500,250
1017,0,210,0.0,15,4900,350
1018,0,210,0.0,35,9600,300
1019,0,210,0.0,25,1000,250
1020,0,210,0.0,45,4050,450
1021,0,210,0.0,20,6300,350
1022,0,210,0.0,25,2200,200
1023,0,210,0.0,35,9000,450
1024,0,210,0.0,20,10000,200
1025,0,210,0.0,15,2500,250
1026,0,210,0.0,30,4800,200
1027,0,210,0.0,30,2000,400
1028,0,210,0.0,35,2600,100
1029,0,210,0.0,30,1000,250
1030,0,210,0.0,10,7800,200
1031,0,210,0.0,15,3850,350
1032,0,210,0.0,50,8500,500
1033,0,210,0.0,10,8100,300
1034,0,210,0.0,5,1400,350
1035,0,210,0.0,25,9200,400
1036,0,210,0.0,10,500,250
1037,0,210,0.0,20,9600,300
1038,0,210,0.0,35,3150,450
1039,0,210,0.0,5,9450,450
1040,0,210,0.0,15,7200,200
1041,0,210,0.0,30,9300,100
1042,0,210,0.0,20,100,100
1043,0,210,0.0,25,5850,150
1044,0,210,0.0,30,4050,450
1045,0,210,0.0,10,3150,450
1046,0,210,0.0,5,2600,200
1047,0,210,0.0,50,7650,50
1048,0,210,0.0,50,6000,400
1049,0,210,0.0,40,2000,200
1050,0,210,0.0,35,2500,500
1051,0,210,0.0,40,1250,250
1052,0,210,0.0,40,9000,500
1053,0,210,0.0,10,2450,350
1054,0,210,0.0,5,4200,350
1055,0,210,0.0,50,8400,350
1056,0,210,0.0,30,6300,450
1057,0,210,0.0,45,2250,250
1058,0,210,0.0,50,1750,250
1059,0,210,0.0,50,6650,350
1060,0,210,0.0,10,900,300
1061,0,210,0.0,20,4850,50
1062,0,210,0.0,25,4950,450
1063,0,210,0.0,50,5700,300
1064,0,210,0.0,5,2800,100
1065,0,210,0.0,50,1200,400
1066,0,210,0.0,5,3250,250
1067,0,210,0.0,5,6300,350
1068,0,210,0.0,40,6300,300
1069,0,210,0.0,40,6500,100
1070,0,210,0.0,35,9500,500
1071,0,210,0.0,25,9000,250
1072,0,210,0.0,30,6800,400
1073,0,210,0.0,20,9100,350
1074,0,210,0.0,45,900,450
1075,0,210,0.0,45,9300,150
1076,0,210,0.0,5,10000,500
1077,0,210,0.0,5,750,250
1078,0,210,0.0,10,9450,150
1079,0,210,0.0,25,7200,150
1080,0,210,0.0,50,1200,400
1081,0,210,0.0,15,7650,450
1082,0,210,0.0,15,10000,250
1083,0,210,0.0,30,3200,100
1084,0,210,0.0,35,8350,50
1085,0,210,0.0,5,8050,50
1086,0,210,0.0,5,7500,250
1087,0,210,0.0,50,4200,200
1088,0,210,0.0,5,900,450
1089,0,210,0.0,30,7750,250
1090,0,210,0.0,25,1600,400
1091,0,210,0.0,10,1500,500
1092,0,210,0.0,15,3950,50
1093,0,210,0.0,45,9600,300
1094,0,210,0.0,50,2100,300
1095,0,210,0.0,35,6000,300
1096,0,210,0.0,15,2400,300
1097,0,210,0.0,15,6000,150
1098,0,210,0.0,10,9000,250
1099,0,210,0.0,45,3800,100
1100,0,210,0.0,10,4400,200
1101,0,210,0.0,25,2000,250
1102,0,210,0.0,35,5800,200
1103,0,210,0.0,20,2750,250
1104,0,210,0.0,30,8100,450
1105,0,210,0.0,15,500,250
1106,0,210,0.0,25,6600,300
1107,0,210,0.0,30,7100,100
1108,0,210,0.0,45,8400,400
1109,0,210,0.0,25,3500,350
1110,0,210,0.0,5,6000,100
1111,0,210,0.0,30,2500,250
1112,0,210,0.0,50,2700,300
1113,0,210,0.0,40,9200,400
1114,0,210,0.0,35,2800,400
1115,0,210,0.0,10,1000,500
1116,0,210,0.0,20,2800,350
1117,0,210,0.0,30,6750,250
1118,0,210,0.0,50,7200,200
1119,0,210,0.0,5,4800,100
1120,0,210,0.0,10,1000,250
1121,0,210,0.0,30,1000,500
1122,0,210,0.0,25,2250,450
1123,0,210,0.0,50,3150,450
1124,0,210,0.0,45,3600,400
1125,0,210,0.0,5,9600,400
1126,0,210,0.0,20,7050,150
1127,0,210,0.0,25,2000,500
1128,0,210,0.0,5,9500,250
1129,0,210,0.0,15,1550,50
1130,0,210,0.0,10,4800,200
1131,0,210,0.0,40,1500,500
1132,0,210,0.0,45,6500,500
1133,0,210,0.0,30,800,50
1134,0,210,0.0,10,4250,250
1135,0,210,0.0,50,6500,100
1136,0,210,0.0,20,200,100
1137,0,210,0.0,50,8000,200
1138,0,210,0.0,35,3500,500
1139,0,210,0.0,5,3250,50
1140,0,210,0.0,5,3000,100
1141,0,210,0.0,5,8200,200
1142,0,210,0.0,45,8800,200
1143,0,210,0.0,15,8000,100
1144,0,210,0.0,35,6250,250
1145,0,210,0.0,30,7800,300
1146,0,210,0.0,50,5650,50
1147,0,210,0.0,50,2700,300
1148,0,210,0.0,25,8000,400
1149,0,210,0.0,40,7600,400
1150,0,210,0.0,25,4900,350
1151,0,210,0.0,20,6000,250
1152,0,210,0.0,45,200,200
1153,0,210,0.0,30,1750,350
1154,0,210,0.0,40,9250,50
1155,0,210,0.0,50,5500,250
1156,0,210,0.0,20,8000,200
1157,0,210,0.0,25,7000,500
1158,0,210,0.0,5,7500,250
1159,0,210,0.0,25,9600,400
1160,0,210,0.0,15,6750,250
1161,0,210,0.0,30,5600,200
1162,0,210,0.0,30,7500,250
1163,0,210,0.0,15,8850,150
1164,0,210,0.0,35,5100,100
1165,0,210,0.0,15,9600,150
1166,0,210,0.0,5,8400,400
1167,0,210,0.0,20,8100,450
1168,0,210,0.0,30,4500,500
1169,0,210,0.0,30,8550,450
1170,0,210,0.0,25,9000,200
1171,0,210,0.0,15,4950,50
1172,0,210,0.0,20,1600,400
1173,0,210,0.0,25,5100,150
1174,0,210,0.0,5,7850,50
1175,0,210,0.0,5,3750,150
1176,0,210,0.0,20,2500,500
1177,0,210,0.0,10,1200,300
1178,0,210,0.0,45,9500,250
1179,0,210,0.0,50,3800,100
1180,0,210,0.0,25,6000,250
1181,0,210,0.0,10,5950,350
1182,0,210,0.0,5,8600,200
1183,0,210,0.0,25,9300,300
1184,0,210,0.0,25,9450,450
1185,0,210,0.0,45,6750,150
1186,0,210,0.0,50,5950,350
1187,0,210,0.0,15,1400,350
1188,0,210,0.0,5,4950,450
1189,0,210,0.0,15,2100,300
1190,0,210,0.0,25,9000,450
1191,0,210,0.0,30,4100,50
1192,0,210,0.0,45,5400,450
1193,0,210,0.0,15,6000,400
1194,0,210,0.0,50,3500,350
1195,0,210,0.0,45,8100,300
1196,0,210,0.0,10,4400,400
1197,0,210,0.0,35,5700,300
1198,0,210,0.0,40,2300,100
1199,0,210,0.0,40,5600,350
1200,0,210,0.0,10,3150,150
1201,0,210,0.0,50,1600,200
1202,0,210,0.0,30,4200,200
1203,0,210,0.0,50,2400,400
1204,0,210,0.0,10,3600,200
1205,0,210,0.0,40,8750,350
1206,0,210,0.0,15,7650,450
1207,0,210,0.0,20,3350,50
1208,0,210,0.0,10,6200,200
1209,0,210,0.0,35,9900,100
1210,0,210,0.0,15,9000,300
1211,0,210,0.0,25,3600,300
1212,0,210,0.0,45,4500,100
1213,0,210,0.0,35,3600,400
1214,0,210,0.0,20,2250,150
1215,0,210,0.0,15,4100,100
1216,0,210,0.0,10,6650,50
1217,0,210,0.0,30,350,350
1218,0,210,0.0,5,2700,450
1219,0,210,0.0,40,800,400
1220,0,210,0.0,30,400,400
1221,0,210,0.0,20,5250,50
1222,0,210,0.0,15,6450,150
1223,0,210,0.0,20,350,350
1224,0,210,0.0,30,6750,250
1225,0,210,0.0,20,9600,300
1226,0,210,0.0,25,9250,250
1227,0,210,0.0,50,9900,450
1228,0,210,0.0,50,7850,50
1229,0,210,0.0,35,6600,100
1230,0,210,0.0,10,3150,350
1231,0,210,0.0,25,800,100
1232,0,210,0.0,45,2000,500
1233,0,210,0.0,20,8500,250
1234,0,210,0.0,20,2000,500
1235,0,210,0.0,5,8100,450
1236,0,210,0.0,20,3000,300
1237,0,210,0.0,10,6300,450
1238,0,210,0.0,35,6300,350
1239,0,210,0.0,10,4400,100
1240,0,210,0.0,5,7400,100
1241,0,210,0.0,10,450,150
1242,0,210,0.0,35,5400,300
1243,0,210,0.0,15,7600,400
1244,0,210,0.0,50,6800,200
1245,0,210,0.0,40,8000,500
1246,0,210,0.0,40,6550,50
1247,0,210,0.0,25,5250,250
1248,0,210,0.0,20,6300,450
1249,0,210,0.0,10,4000,400
1250,0,210,0.0,50,8100,450
1251,0,210,0.0,50,1800,450
1252,0,210,0.0,35,7500,150
1253,0,210,0.0,30,4400,200
1254,0,210,0.0,25,4000,200
1255,0,210,0.0,10,1450,50
1256,0,210,0.0,50,1350,450
1257,0,210,0.0,30,4500,500
1258,0,210,0.0,20,2000,200
1259,0,210,0.0,50,5950,350
1260,0,210,0.0,25,900,50
1261,0,210,0.0,20,2250,250
1262,0,210,0.0,40,7600,400
1263,0,210,0.0,25,5950,350
1264,0,210,0.0,50,8000,500
1265,0,210,0.0,45,3150,350
1266,0,210,0.0,35,8750,350
1267,0,210,0.0,50,8350,50
1268,0,210,0.0,45,5800,50
1269,0,210,0.0,5,8400,300
1270,0,210,0.0,10,5550,150
1271,0,210,0.0,25,8700,150
1272,0,210,0.0,50,9750,150
1273,0,210,0.0,30,3650,50
1274,0,210,0.0,30,3300,300
1275,0,210,0.0,20,6000,150
1276,0,210,0.0,10,2000,500
1277,0,210,0.0,10,2250,450
1278,0,210,0.0,50,8400,150
1279,0,210,0.0,10,5000,200
1280,0,210,0.0,25,9900,150
1281,0,210,0.0,40,5950,350
1282,0,210,0.0,45,7700,350
1283,0,210,0.0,45,800,400
1284,0,210,0.0,25,8800,400
1285,0,210,0.0,15,6000,400
1286,0,210,0.0,10,3600,450
1287,0,210,0.0,5,700,350
1288,0,210,0.0,10,8600,50
1289,0,210,0.0,40,7500,500
1290,0,210,0.0,35,8000,500
1291,0,210,0.0,45,8400,400
1292,0,210,0.0,10,9000,300
1293,0,210,0.0,40,2400,400
1294,0,210,0.0,25,4800,50
1295,0,210,0.0,15,4550,350
1296,0,210,0.0,10,9200,400
1297,0,210,0.0,45,1250,50
1298,0,210,0.0,5,2400,200
1299,0,210,0.0,45,1800,200
1300,0,210,0.0,5,2500,250
1301,0,210,0.0,50,300,300
1302,0,210,0.0,25,1200,400
1303,0,210,0.0,40,2800,400
1304,0,210,0.0,15,2000,100
1305,0,210,0.0,30,5400,200
1306,0,210,0.0,20,4000,50
1307,0,210,0.0,20,5300,100
1308,0,210,0.0,35,4500,450
1309,0,210,0.0,15,5800,200
1310,0,210,0.0,25,1000,500
1311,0,210,0.0,5,1800,200
1312,0,210,0.0,45,6300,350
1313,0,210,0.0,50,2400,400
1314,0,210,0.0,45,5450,50
1315,0,210,0.0,15,1500,500
1316,0,210,0.0,45,4000,200
1317,0,210,0.0,20,4800,300
1318,0,210,0.0,45,7200,300
1319,0,210,0.0,10,9100,350
1320,0,210,0.0,25,8800,400
1321,0,210,0.0,15,5250,350
1322,0,210,0.0,20,4500,100
1323,0,210,0.0,40,9450,350
1324,0,210,0.0,15,8250,50
1325,0,210,0.0,40,8050,350
1326,0,210,0.0,30,4900,350
1327,0,210,0.0,50,3150,450
1328,0,210,0.0,45,6750,450
1329,0,210,0.0,35,1800,150
1330,0,210,0.0,40,3900,100
1331,0,210,0.0,15,9800,100
1332,0,210,0.0,5,5800,200
1333,0,210,0.0,45,9500,100
1334,0,210,0.0,50,2400,400
1335,0,210,0.0,45,6500,500
1336,0,210,0.0,20,6800,400
1337,0,210,0.0,35,5850,450
1338,0,210,0.0,20,3000,250
1339,0,210,0.0,5,6800,400
1340,0,210,0.0,35,4800,200
1341,0,210,0.0,45,4450,50
1342,0,210,0.0,40,3750,50
1343,0,210,0.0,10,1050,150
1344,0,210,0.0,5,1500,500
1345,0,210,0.0,10,6800,200
1346,0,210,0.0,20,1950,50
1347,0,210,0.0,40,5600,400
1348,0,210,0.0,20,1800,150
1349,0,210,0.0,50,5000,250
1350,0,210,0.0,15,4600,200
1351,0,210,0.0,5,8400,100
1352,0,210,0.0,25,10000,100
1353,0,210,0.0,25,4500,300
1354,0,210,0.0,50,8800,400
1355,0,210,0.0,45,2400,400
1356,0,210,0.0,15,6000,400
1357,0,210,0.0,15,2550,150
1358,0,210,0.0,5,9600,400
1359,0,210,0.0,45,8550,450
1360,0,210,0.0,45,4200,350
1361,0,210,0.0,40,4900,350
1362,0,210,0.0,25,7200,450
1363,0,210,0.0,40,7200,400
1364,0,210,0.0,35,2200,100
1365,0,210,0.0,35,8100,300
1366,0,210,0.0,45,2800,350
1367,0,210,0.0,25,4000,400
1368,0,210,0.0,35,2000,500
1369,0,210,0.0,20,450,150
1370,0,210,0.0,25,1250,250
1371,0,210,0.0,50,7000,500
1372,0,210,0.0,15,9000,450
1373,0,210,0.0,10,10000,400
1374,0,210,0.0,15,2750,250
1375,0,210,0.0,15,4800,400
1376,0,210,0.0,35,6950,50
1377,0,210,0.0,15,9500,500
1378,0,210,0.0,45,6000,200
1379,0,210,0.0,15,2700,450
1380,0,210,0.0,20,8700,300
1381,0,210,0.0,20,8000,100
1382,0,210,0.0,10,4700,100
1383,0,210,0.0,20,8550,450
1384,0,210,0.0,20,1050,50
1385,0,210,0.0,35,1750,350
1386,0,210,0.0,25,7500,500
1387,0,210,0.0,50,400,400
1388,0,210,0.0,5,9900,300
1389,0,210,0.0,10,8400,100
1390,0,210,0.0,20,800,400
1391,0,210,0.0,25,9900,150
1392,0,210,0.0,40,5500,100
1393,0,210,0.0,35,3900,150
1394,0,210,0.0,30,8500,250
1395,0,210,0.0,10,1400,350
1396,0,210,0.0,15,1050,350
1397,0,210,0.0,35,1050,350
1398,0,210,0.0,10,9700,50
1399,0,210,0.0,5,3750,150
1400,0,210,0.0,50,8500,500
1401,0,210,0.0,40,9200,50
1402,0,210,0.0,35,4500,450
1403,0,210,0.0,35,8200,50
1404,0,210,0.0,35,9200,50
1405,0,210,0.0,50,9600,150
1406,0,210,0.0,35,350,350
1407,0,210,0.0,35,1500,500
1408,0,210,0.0,10,3150,350
1409,0,210,0.0,35,8200,100
1410,0,210,0.0,45,3900,300
1411,0,210,0.0,30,900,450
1412,0,210,0.0,30,9800,350
1413,0,210,0.0,45,5100,100
1414,0,210,0.0,45,5950,350
1415,0,210,0.0,5,9000,300
1416,0,210,0.0,15,9800,100
1417,0,210,0.0,40,3000,150
1418,0,210,0.0,10,7400,100
1419,0,210,0.0,40,7200,400
1420,0,210,0.0,5,8100,150
1421,0,210,0.0,10,250,250
1422,0,210,0.0,15,3600,300
1423,0,210,0.0,50,8000,500
1424,0,210,0.0,30,8000,250
1425,0,210,0.0,5,3750,250
1426,0,210,0.0,10,6250,250
1427,0,210,0.0,20,2800,400
1428,0,210,0.0,5,4800,50
1429,0,210,0.0,25,6800,50
1430,0,210,0.0,25,4000,200
1431,0,210,0.0,50,9000,450
1432,0,210,0.0,5,3150,350
1433,0,210,0.0,5,6900,300
1434,0,210,0.0,45,3600,400
1435,0,210,0.0,15,8400,400
1436,0,210,0.0,30,3200,400
1437,0,210,0.0,25,7100,100
1438,0,210,0.0,25,4500,500
1439,0,210,0.0,45,6500,250
1440,0,210,0.0,15,6400,200
1441,0,210,0.0,25,8400,400
1442,0,210,0.0,10,9200,100
1443,0,210,0.0,50,5700,100
1444,0,210,0.0,45,7950,150
1445,0,210,0.0,25,5400,300
1446,0,210,0.0,40,4350,50
1447,0,210,0.0,25,8050,350
1448,0,210,0.0,40,3300,150
1449,0,210,0.0,35,4400,100
1450,0,210,0.0,30,6650,350
1451,0,210,0.0,5,6200,200
1452,0,210,0.0,10,300,50
1453,0,210,0.0,10,3150,450
1454,0,210,0.0,10,3000,150
1455,0,210,0.0,45,5250,350
1456,0,210,0.0,35,10000,250
1457,0,210,0.0,35,1750,250
1458,0,210,0.0,40,2000,400
1459,0,210,0.0,25,4500,500
1460,0,210,0.0,45,9800,50
1461,0,210,0.0,30,7950,150
1462,0,210,0.0,5,600,200
1463,0,210,0.0,10,6000,250
1464,0,210,0.0,35,7000,200
1465,0,210,0.0,50,3300,100
1466,0,210,0.0,40,4600,100
1467,0,210,0.0,20,400,200
1468,0,210,0.0,5,3300,150
1469,0,210,0.0,10,2200,200
1470,0,210,0.0,50,900,300
1471,0,210,0.0,20,1500,250
1472,0,210,0.0,35,9800,200
1473,0,210,0.0,20,1750,350
1474,0,210,0.0,25,3600,400
1475,0,210,0.0,30,500,250
1476,0,210,0.0,20,4400,400
1477,0,210,0.0,40,6100,50
1478,0,210,0.0,25,6000,50
1479,0,210,0.0,10,3300,300
1480,0,210,0.0,40,8500,50
1481,0,210,0.0,5,1650,150
1482,0,210,0.0,45,2400,100
1483,0,210,0.0,20,3000,300
1484,0,210,0.0,30,6050,50
1485,0,210,0.0,45,4000,200
1486,0,210,0.0,50,6150,150
1487,0,210,0.0,20,5250,150
1488,0,210,0.0,20,2400,400
1489,0,210,0.0,15,7650,150
1490,0,210,0.0,40,9450,350
1491,0,210,0.0,40,2000,250
1492,0,210,0.0,15,5000,500
1493,0,210,0.0,45,9900,150
1494,0,210,0.0,15,8400,200
1495,0,210,0.0,30,6300,450
1496,0,210,0.0,10,5000,250
1497,0,210,0.0,25,2800,400
1498,0,210,0.0,45,9000,250
1499,0,210,0.0,40,2550,150
1500,0,210,0.0,50,9600,400
1501,0,210,0.0,15,250,250
1502,0,210,0.0,45,150,150
1503,0,210,0.0,45,5600,400
1504,0,210,0.0,15,4000,100
1505,0,210,0.0,25,8400,400
1506,0,210,0.0,40,6000,400
1507,0,210,0.0,50,6300,300
1508,0,210,0.0,10,9000,500
1509,0,210,0.0,10,4000,400
1510,0,210,0.0,45,5400,450
1511,0,210,0.0,45,1750,50
1512,0,210,0.0,30,1600,400
1513,0,210,0.0,25,10000,50
1514,0,210,0.0,10,1950,150
1515,0,210,0.0,15,1600,400
1516,0,210,0.0,45,6000,150
1517,0,210,0.0,50,9450,350
1518,0,210,0.0,50,1000,100
1519,0,210,0.0,5,4050,450
1520,0,210,0.0,10,8000,500
1521,0,210,0.0,40,3800,50
1522,0,210,0.0,50,5600,400
1523,0,210,0.0,25,5400,300
1524,0,210,0.0,20,2700,100
1525,0,210,0.0,30,2200,100
1526,0,210,0.0,45,9450,150
1527,0,210,0.0,30,4200,350
1528,0,210,0.0,40,6750,150
1529,0,210,0.0,45,3900,300
1530,0,210,0.0,35,2800,50
1531,0,210,0.0,50,9000,300
1532,0,210,0.0,5,6000,400
1533,0,210,0.0,20,3200,200
1534,0,210,0.0,25,400,400
1535,0,210,0.0,30,3150,450
1536,0,210,0.0,35,6300,350
1537,0,210,0.0,30,4700,100
1538,0,210,0.0,10,2700,150
1539,0,210,0.0,30,2800,350
1540,0,210,0.0,40,8550,50
1541,0,210,0.0,40,3600,300
1542,0,210,0.0,5,5000,200
1543,0,210,0.0,40,9200,200
1544,0,210,0.0,25,7950,150
1545,0,210,0.0,15,5000,200
1546,0,210,0.0,20,2750,50
1547,0,210,0.0,5,7500,50
1548,0,210,0.0,15,1500,500
1549,0,210,0.0,15,9000,450
1550,0,210,0.0,5,7500,500
1551,0,210,0.0,20,8700,150
1552,0,210,0.0,25,600,200
1553,0,210,0.0,10,4200,100
1554,0,210,0.0,40,9000,200
1555,0,210,0.0,10,6300,450
1556,0,210,0.0,50,8450,50
1557,0,210,0.0,50,7250,250
1558,0,210,0.0,30,750,250
1559,0,210,0.0,40,9750,250
1560,0,210,0.0,25,6600,100
1561,0,210,0.0,40,1200,200
1562,0,210,0.0,20,7350,350
1563,0,210,0.0,25,8550,450
1564,0,210,0.0,45,3300,100
1565,0,210,0.0,20,8400,350
1566,0,210,0.0,20,4750,250
1567,0,210,0.0,25,6900,300
1568,0,210,0.0,50,1500,500
1569,0,210,0.0,10,5400,200
1570,0,210,0.0,35,8400,300
1571,0,210,0.0,20,6750,450
1572,0,210,0.0,35,10000,500
1573,0,210,0.0,15,8050,50
1574,0,210,0.0,30,7350,350
1575,0,210,0.0,10,700,50
1576,0,210,0.0,20,3500,500
1577,0,210,0.0,35,1600,200
1578,0,210,0.0,35,2700,300
1579,0,210,0.0,10,6750,250
1580,0,210,0.0,15,4550,350
1581,0,210,0.0,10,1500,300
1582,0,210,0.0,35,5400,450
1583,0,210,0.0,35,8400,350
1584,0,210,0.0,50,7500,150
1585,0,210,0.0,30,5450,50
1586,0,210,0.0,20,2000,400
1587,0,210,0.0,35,10000,500
1588,0,210,0.0,45,1500,500
1589,0,210,0.0,30,1800,300
1590,0,210,0.0,35,2500,500
1591,0,210,0.0,5,5700,150
1592,0,210,0.0,10,3500,500
1593,0,210,0.0,20,3150,450
1594,0,210,0.0,10,9450,450
1595,0,210,0.0,30,6000,50
1596,0,210,0.0,15,7650,450
1597,0,210,0.0,40,300,100
1598,0,210,0.0,5,4400,400
1599,0,210,0.0,45,4800,200
1600,0,210,0.0,50,300,300
1601,0,210,0.0,15,1750,250
1602,0,210,0.0,40,4400,400
1603,0,210,0.0,45,3600,400
1604,0,210,0.0,35,6650,350
1605,0,210,0.0,15,9600,400
1606,0,210,0.0,45,4000,400
1607,0,210,0.0,45,700,350
1608,0,210,0.0,25,1800,450
1609,0,210,0.0,35,4800,400
1610,0,210,0.0,15,9000,450
1611,0,210,0.0,35,4900,50
1612,0,210,0.0,45,7950,50
1613,0,210,0.0,20,7500,500
1614,0,210,0.0,30,7650,150
1615,0,210,0.0,30,3150,150
1616,0,210,0.0,5,7350,350
1617,0,210,0.0,50,6400,100
1618,0,210,0.0,25,8200,50
1619,0,210,0.0,30,3150,450
1620,0,210,0.0,5,2550,150
1621,0,210,0.0,5,5200,400
1622,0,210,0.0,20,8100,100
1623,0,210,0.0,30,10000,200
1624,0,210,0.0,20,9300,150
1625,0,210,0.0,40,3150,450
1626,0,210,0.0,10,9900,450
1627,0,210,0.0,35,1600,200
1628,0,210,0.0,35,700,100
1629,0,210,0.0,35,8000,400
1630,0,210,0.0,50,5500,250
1631,0,210,0.0,35,2200,200
1632,0,210,0.0,40,800,200
1633,0,210,0.0,20,2400,100
1634,0,210,0.0,40,400,400
1635,0,210,0.0,25,5600,400
1636,0,210,0.0,40,1500,500
1637,0,210,0.0,5,8050,350
1638,0,210,0.0,45,3500,500
1639,0,210,0.0,30,2400,300
1640,0,210,0.0,5,7350,350
1641,0,210,0.0,10,8600,200
1642,0,210,0.0,15,300,300
1643,0,210,0.0,30,8800,400
1644,0,210,0.0,25,5050,50
1645,0,210,0.0,25,8050,350
1646,0,210,0.0,50,7800,100
1647,0,210,0.0,30,5800,100
1648,0,210,0.0,30,300,300
1649,0,210,0.0,40,8250,250
1650,0,210,0.0,25,5250,250
1651,0,210,0.0,50,6650,350
1652,0,210,0.0,25,8100,100
1653,0,210,0.0,25,800,400
1654,0,210,0.0,25,6000,150
1655,0,210,0.0,40,4500,250
1656,0,210,0.0,35,2700,450
1657,0,210,0.0,45,9600,400
1658,0,210,0.0,15,5750,250
1659,0,210,0.0,40,400,400
1660,0,210,0.0,30,200,200
1661,0,210,0.0,15,7500,500
1662,0,210,0.0,25,900,300
1663,0,210,0.0,15,700,50
1664,0,210,0.0,20,8750,350
1665,0,210,0.0,35,3400,50
1666,0,210,0.0,10,2800,350
1667,0,210,0.0,50,4200,50
1668,0,210,0.0,50,4950,450
1669,0,210,0.0,20,2700,450
1670,0,210,0.0,40,5200,200
1671,0,210,0.0,35,8100,450
1672,0,210,0.0,45,4000,200
1673,0,210,0.0,50,8000,250
1674,0,210,0.0,40,3550,50
1675,0,210,0.0,5,5250,250
1676,0,210,0.0,40,500,500
1677,0,210,0.0,45,6800,400
1678,0,210,0.0,45,750,250
1679,0,210,0.0,10,9800,350
1680,0,210,0.0,50,8800,400
1681,0,210,0.0,15,4250,250
1682,0,210,0.0,10,1800,450
1683,0,210,0.0,45,4800,300
1684,0,210,0.0,45,6300,450
1685,0,210,0.0,45,5750,250
1686,0,210,0.0,35,8100,300
1687,0,210,0.0,20,4600,200
1688,0,210,0.0,15,5700,300
1689,0,210,0.0,25,5500,500
1690,0,210,0.0,5,8500,100
1691,0,210,0.0,5,3400,200
1692,0,210,0.0,25,9300,100
1693,0,210,0.0,35,700,350
1694,0,210,0.0,5,10000,250
1695,0,210,0.0,30,9200,400
1696,0,210,0.0,45,6300,450
1697,0,210,0.0,50,8100,450
1698,0,210,0.0,35,6450,50
1699,0,210,0.0,50,8100,100
1700,0,210,0.0,40,5000,50
1701,0,210,0.0,50,450,450
1702,0,210,0.0,40,6100,50
1703,0,210,0.0,25,9800,350
1704,0,210,0.0,50,4500,500
1705,0,210,0.0,25,6750,450
1706,0,210,0.0,20,7300,50
1707,0,210,0.0,45,1500,500
1708,0,210,0.0,15,7900,50
1709,0,210,0.0,10,6300,450
1710,0,210,0.0,30,2250,250
1711,0,210,0.0,5,1200,50
1712,0,210,0.0,20,7350,350
1713,0,210,0.0,45,10000,200
1714,0,210,0.0,20,600,100
1715,0,210,0.0,40,3500,100
1716,0,210,0.0,20,8000,400
1717,0,210,0.0,40,250,50
1718,0,210,0.0,10,9450,150
1719,0,210,0.0,15,600,300
1720,0,210,0.0,15,4000,250
1721,0,210,0.0,50,8050,350
1722,0,210,0.0,20,5050,50
1723,0,210,0.0,20,7000,500
1724,0,210,0.0,30,7250,250
1725,0,210,0.0,50,5400,300
1726,0,210,0.0,15,8050,350
1727,0,210,0.0,5,2300,100
1728,0,210,0.0,25,2500,500
1729,0,210,0.0,25,6750,250
1730,0,210,0.0,50,3600,450
1731,0,210,0.0,35,3850,350
1732,0,210,0.0,30,9450,350
1733,0,210,0.0,15,7500,150
1734,0,210,0.0,30,2850,150
1735,0,210,0.0,45,8400,300
1736,0,210,0.0,35,1200,400
1737,0,210,0.0,10,9300,300
1738,0,210,0.0,50,9500,250
1739,0,210,0.0,50,5000,100
1740,0,210,0.0,20,4500,500
1741,0,210,0.0,40,1600,100
1742,0,210,0.0,45,500,500
1743,0,210,0.0,35,6800,400
1744,0,210,0.0,10,2250,450
1745,0,210,0.0,5,3400,50
1746,0,210,0.0,5,5900,100
1747,0,210,0.0,45,2500,500
1748,0,210,0.0,5,9000,450
1749,0,210,0.0,30,8550,450
1750,0,210,0.0,10,500,500
1751,0,210,0.0,45,6400,200
1752,0,210,0.0,20,9250,250
1753,0,210,0.0,10,750,50
1754,0,210,0.0,35,7200,50
1755,0,210,0.0,40,2750,250
1756,0,210,0.0,15,8100,150
1757,0,210,0.0,10,5250,250
1758,0,210,0.0,20,8000,200
1759,0,210,0.0,35,2250,250
1760,0,210,0.0,15,3150,150
1761,0,210,0.0,15,7500,500
1762,0,210,0.0,5,3900,300
1763,0,210,0.0,5,5950,350
1764,0,210,0.0,50,3450,150
1765,0,210,0.0,10,8400,50
1766,0,210,0.0,50,400,200
1767,0,210,0.0,35,3600,200
1768,0,210,0.0,35,5950,350
1769,0,210,0.0,15,8800,50
1770,0,210,0.0,50,8250,150
1771,0,210,0.0,40,4200,350
1772,0,210,0.0,25,5000,200
1773,0,210,0.0,50,8400,150
1774,0,210,0.0,50,3600,450
1775,0,210,0.0,35,5400,200
1776,0,210,0.0,30,2100,350
1777,0,210,0.0,25,5000,500
1778,0,210,0.0,10,5250,350
1779,0,210,0.0,45,3500,500
1780,0,210,0.0,20,6600,200
1781,0,210,0.0,15,7700,350
1782,0,210,0.0,30,3150,450
1783,0,210,0.0,30,800,400
1784,0,210,0.0,20,6750,450
1785,0,210,0.0,45,450,150
1786,0,210,0.0,15,2100,300
1787,0,210,0.0,40,7350,350
1788,0,210,0.0,40,3000,500
1789,0,210,0.0,20,400,100
1790,0,210,0.0,50,7000,200
1791,0,210,0.0,50,7000,350
1792,0,210,0.0,35,1800,100
1793,0,210,0.0,35,5400,200
1794,0,210,0.0,40,4400,400
1795,0,210,0.0,30,6900,50
1796,0,210,0.0,45,350,350
1797,0,210,0.0,30,6000,150
1798,0,210,0.0,5,2400,300
1799,0,210,0.0,30,4800,200
1800,0,210,0.0,45,500,250
1801,0,210,0.0,45,9000,100
1802,0,210,0.0,5,2100,350
1803,0,210,0.0,5,7400,100
1804,0,210,0.0,50,7500,300
1805,0,210,0.0,15,3300,150
1806,0,210,0.0,40,1950,150
1807,0,210,0.0,40,7500,100
1808,0,210,0.0,15,6900,100
1809,0,210,0.0,35,6900,50
1810,0,210,0.0,10,8000,50
1811,0,210,0.0,20,1500,100
1812,0,210,0.0,45,2500,250
1813,0,210,0.0,40,8800,100
1814,0,210,0.0,40,5100,300
1815,0,210,0.0,15,6000,500
1816,0,210,0.0,40,6000,500
1817,0,210,0.0,35,9500,500
1818,0,210,0.0,25,1600,400
1819,0,210,0.0,15,3750,250
1820,0,210,0.0,15,7550,50
1821,0,210,0.0,15,6750,150
1822,0,210,0.0,20,400,200
1823,0,210,0.0,50,1900,100
1824,0,210,0.0,50,8550,450
1825,0,210,0.0,50,2500,500
1826,0,210,0.0,20,500,500
1827,0,210,0.0,20,7050,150
1828,0,210,0.0,15,1500,300
1829,0,210,0.0,50,1800,200
1830,0,210,0.0,15,2100,100
1831,0,210,0.0,30,400,400
1832,0,210,0.0,25,5200,100
1833,0,210,0.0,40,3100,100
1834,0,210,0.0,10,9000,500
1835,0,210,0.0,20,3600,100
1836,0,210,0.0,45,9600,300
1837,0,210,0.0,50,4050,450
1838,0,210,0.0,30,7350,350
1839,0,210,0.0,30,5500,500
1840,0,210,0.0,25,9000,150
1841,0,210,0.0,30,4100,100
1842,0,210,0.0,50,7000,50
1843,0,210,0.0,20,5600,400
1844,0,210,0.0,20,900,150
1845,0,210,0.0,15,6300,450
1846,0,210,0.0,10,7200,150
1847,0,210,0.0,5,8000,250
1848,0,210,0.0,40,1350,450
1849,0,210,0.0,10,4200,50
1850,0,210,0.0,20,2400,200
1851,0,210,0.0,30,9150,150
1852,0,210,0.0,35,3900,150
1853,0,210,0.0,15,5950,350
1854,0,210,0.0,50,9000,500
1855,0,210,0.0,15,9000,500
1856,0,210,0.0,30,9600,200
1857,0,210,0.0,35,8800,100
1858,0,210,0.0,5,3600,200
1859,0,210,0.0,15,4750,250
1860,0,210,0.0,25,6750,450
1861,0,210,0.0,25,6000,500
1862,0,210,0.0,50,750,250
1863,0,210,0.0,5,7000,350
1864,0,210,0.0,5,1050,350
1865,0,210,0.0,40,4250,250
1866,0,210,0.0,40,6900,300
1867,0,210,0.0,45,2000,200
1868,0,210,0.0,30,9400,100
1869,0,210,0.0,20,8800,50
1870,0,210,0.0,10,3150,450
1871,0,210,0.0,40,2850,150
1872,0,210,0.0,50,3000,500
1873,0,210,0.0,50,3600,300
1874,0,210,0.0,15,7100,50
1875,0,210,0.0,40,5400,150
1876,0,210,0.0,30,10000,400
1877,0,210,0.0,15,8550,450
1878,0,210,0.0,45,4900,350
1879,0,210,0.0,10,8450,50
1880,0,210,0.0,20,1650,150
1881,0,210,0.0,20,6900,100
1882,0,210,0.0,45,7650,450
1883,0,210,0.0,20,7500,500
1884,0,210,0.0,5,9300,300
1885,0,210,0.0,40,6450,50
1886,0,210,0.0,15,9400,200
1887,0,210,0.0,45,5400,300
1888,0,210,0.0,45,9750,250
1889,0,210,0.0,15,1200,300
1890,0,210,0.0,10,4600,200
1891,0,210,0.0,35,5700,300
1892,0,210,0.0,45,4500,500
1893,0,210,0.0,5,6150,50
1894,0,210,0.0,5,9000,500
1895,0,210,0.0,40,2250,450
1896,0,210,0.0,25,6900,150
1897,0,210,0.0,25,4800,50
1898,0,210,0.0,35,5250,150
1899,0,210,0.0,5,2500,500
1900,0,210,0.0,45,6300,350
1901,0,210,0.0,30,8050,350
1902,0,210,0.0,40,2500,500
1903,0,210,0.0,10,5400,450
1904,0,210,0.0,10,4500,450
1905,0,210,0.0,45,4600,100
1906,0,210,0.0,25,6000,250
1907,0,210,0.0,40,5750,50
1908,0,210,0.0,45,10000,500
1909,0,210,0.0,20,7000,500
1910,0,210,0.0,35,5900,100
1911,0,210,0.0,20,2000,500
1912,0,210,0.0,35,700,350
1913,0,210,0.0,30,4000,400
1914,0,210,0.0,50,3600,150
1915,0,210,0.0,45,7200,450
1916,0,210,0.0,25,7400,100
1917,0,210,0.0,5,1950,150
1918,0,210,0.0,30,6400,400
1919,0,210,0.0,20,7400,100
1920,0,210,0.0,15,9500,50
1921,0,210,0.0,20,3600,400
1922,0,210,0.0,10,900,50
1923,0,210,0.0,45,4350,150
1924,0,210,0.0,45,350,350
1925,0,210,0.0,20,900,450
1926,0,210,0.0,35,5950,50
1927,0,210,0.0,20,1200,50
1928,0,210,0.0,50,2700,450
1929,0,210,0.0,10,7800,200
1930,0,210,0.0,5,2400,400
1931,0,210,0.0,50,4200,350
1932,0,210,0.0,15,200,200
1933,0,210,0.0,50,2100,350
1934,0,210,0.0,10,1400,100
1935,0,210,0.0,20,9500,250
1936,0,210,0.0,45,2000,250
1937,0,210,0.0,10,8750,350
1938,0,210,0.0,20,3600,150
1939,0,210,0.0,40,3100,100
1940,0,210,0.0,20,5500,500
1941,0,210,0.0,25,5900,50
1942,0,210,0.0,5,3250,250
1943,0,210,0.0,25,7750,250
1944,0,210,0.0,10,5400,300
1945,0,210,0.0,35,5850,150
1946,0,210,0.0,15,3500,250
1947,0,210,0.0,25,1750,350
1948,0,210,0.0,35,7000,250
1949,0,210,0.0,30,2700,450
1950,0,210,0.0,20,9200,400
1951,0,210,0.0,50,6200,200
1952,0,210,0.0,30,6900,300
1953,0,210,0.0,30,7750,250
1954,0,210,0.0,30,8000,250
1955,0,210,0.0,25,2800,350
1956,0,210,0.0,25,9000,300
1957,0,210,0.0,35,4200,300
1958,0,210,0.0,50,9850,50
1959,0,210,0.0,15,9000,450
1960,0,210,0.0,45,6900,100
1961,0,210,0.0,15,5500,50
1962,0,210,0.0,20,6650,50
1963,0,210,0.0,40,9000,300
1964,0,210,0.0,10,1300,50
1965,0,210,0.0,35,2700,450
1966,0,210,0.0,35,6900,50
1967,0,210,0.0,15,5000,500
1968,0,210,0.0,30,5300,50
1969,0,210,0.0,5,9900,100
1970,0,210,0.0,25,3000,500
1971,0,210,0.0,5,7250,250
1972,0,210,0.0,35,3600,400
1973,0,210,0.0,30,5000,200
1974,0,210,0.0,25,3000,500
1975,0,210,0.0,35,8700,300
1976,0,210,0.0,25,8550,450
1977,0,210,0.0,25,9500,500
1978,0,210,0.0,20,4400,400
1979,0,210,0.0,10,1500,300
1980,0,210,0.0,20,2600,100
1981,0,210,0.0,25,4050,450
1982,0,210,0.0,5,4200,150
1983,0,210,0.0,15,250,250
1984,0,210,0.0,10,6900,300
1985,0,210,0.0,45,2400,300
1986,0,210,0.0,10,8050,350
1987,0,210,0.0,45,350,350
1988,0,210,0.0,20,3750,150
1989,0,210,0.0,10,1300,100
1990,0,210,0.0,30,7800,300
1991,0,210,0.0,35,10000,200
1992,0,210,0.0,10,7650,150
1993,0,210,0.0,40,10000,100
1994,0,210,0.0,35,7050,150
1995,0,210,0.0,20,6750,50
1996,0,210,0.0,50,1400,200
1997,0,210,0.0,40,2900,100
1998,0,210,0.0,5,7350,350
1999,0,210,0.0,30,1000,100
2000,0,210,0.0,15,6950,50
2001,0,210,0.0,35,4200,300
2002,0,210,0.0,5,9200,200
2003,0,210,0.0,25,150,50
2004,0,210,0.0,15,4600,100
2005,0,210,0.0,5,5700,100
2006,0,210,0.0,40,5100,300
2007,0,210,0.0,25,2300,100
2008,0,210,0.0,45,6150,150
2009,0,210,0.0,30,5100,50
2010,0,210,0.0,40,8850,150
2011,0,210,0.0,10,300,150
2012,0,210,0.0,25,5000,500
2013,0,210,0.0,5,8550,450
2014,0,210,0.0,45,4500,250
2015,0,210,0.0,30,4200,150
2016,0,210,0.0,45,1100,50
2017,0,210,0.0,50,3200,100
2018,0,210,0.0,45,2400,300
2019,0,210,0.0,15,5000,100
2020,0,210,0.0,40,4800,150
2021,0,210,0.0,25,4500,150
2022,0,210,0.0,20,5150,50
2023,0,210,0.0,25,6800,400
2024,0,210,0.0,40,2800,400
2025,0,210,0.0,30,3200,100
2026,0,210,0.0,50,2700,300
2027,0,210,0.0,40,9400,200
2028,0,210,0.0,5,2400,400
2029,0,210,0.0,20,6400,200
2030,0,210,0.0,25,1800,100
2031,0,210,0.0,5,450,150
2032,0,210,0.0,25,900,150
2033,0,210,0.0,20,150,150
2034,0,210,0.0,40,300,300
2035,0,210,0.0,30,8000,250
2036,0,210,0.0,10,2700,150
2037,0,210,0.0,15,4050,150
2038,0,210,0.0,45,3750,250
2039,0,210,0.0,30,350,350
2040,0,210,0.0,25,10000,400
2041,0,210,0.0,30,8600,200
2042,0,210,0.0,35,4900,350
2043,0,210,0.0,20,9450,450
2044,0,210,0.0,30,10000,500
2045,0,210,0.0,20,4550,350
2046,0,210,0.0,20,8400,300
2047,0,210,0.0,20,9900,100
2048,0,210,0.0,15,8500,250
2049,0,210,0.0,45,4000,200
2050,0,210,0.0,25,8100,450
2051,0,210,0.0,20,2550,150
2052,0,210,0.0,5,1600,100
2053,0,210,0.0,5,5100,150
2054,0,210,0.0,10,7000,100
2055,0,210,0.0,30,2000,500
2056,0,210,0.0,5,9000,150
2057,0,210,0.0,25,7000,500
2058,0,210,0.0,5,2000,250
2059,0,210,0.0,30,8100,300
2060,0,210,0.0,25,6250,50
2061,0,210,0.0,30,8050,350
2062,0,210,0.0,40,1800,450
2063,0,210,0.0,40,6850,50
2064,0,210,0.0,25,3200,400
2065,0,210,0.0,25,8200,200
2066,0,210,0.0,50,6900,150
2067,0,210,0.0,20,8600,100
2068,0,210,0.0,10,4800,400
2069,0,210,0.0,5,9000,250
2070,0,210,0.0,15,6750,450
2071,0,210,0.0,45,8100,450
2072,0,210,0.0,15,5250,150
2073,0,210,0.0,25,9850,50
2074,0,210,0.0,25,4800,200
2075,0,210,0.0,30,3500,350
2076,0,210,0.0,15,9000,250
2077,0,210,0.0,50,5750,50
2078,0,210,0.0,35,2100,350
2079,0,210,0.0,50,5550,50
2080,0,210,0.0,10,4600,200
2081,0,210,0.0,30,5000,250
2082,0,210,0.0,5,1200,200
2083,0,210,0.0,20,6500,500
2084,0,210,0.0,35,1400,200
2085,0,210,0.0,15,2600,200
2086,0,210,0.0,20,6450,150
2087,0,210,0.0,15,7000,350
2088,0,210,0.0,45,3250,250
2089,0,210,0.0,5,2000,400
2090,0,210,0.0,50,4200,300
2091,0,210,0.0,35,5400,450
2092,0,210,0.0,35,7350,150
2093,0,210,0.0,20,4000,250
2094,0,210,0.0,5,9000,300
2095,0,210,0.0,20,5600,400
2096,0,210,0.0,40,1050,150
2097,0,210,0.0,30,1400,350
2098,0,210,0.0,40,2250,250
2099,0,210,0.0,45,3600,450
